"id","age","performance","status"
"1",45.46,-9.76988494247124,"not promoted"
"2",57.31,-5.14757378689345,"not promoted"
"3",39.37,7.44872436218109,"not promoted"
"4",58.78,8.46923461730865,"promoted"
"5",41.62,9.76988494247124,"not promoted"
"6",39.07,5.67783891945973,"not promoted"
"7",31.07,4.50725362681341,"not promoted"
"8",36.99,-8.3391695847924,"not promoted"
"9",31.53,-5.81790895447724,"not promoted"
"10",37.6,0.0850425212606307,"promoted"
"11",26.38,-2.11605802901451,"not promoted"
"12",36.89,5.64782391195598,"not promoted"
"13",20.04,6.97848924462231,"not promoted"
"14",41.66,-4.79739869934968,"not promoted"
"15",33.23,4.43721860930465,"not promoted"
"16",52.14,-6.86843421710855,"not promoted"
"17",24.83,6.16808404202101,"not promoted"
"18",41.15,-8.63931965982992,"not promoted"
"19",36.55,-6.68834417208604,"not promoted"
"20",23.65,1.2056028014007,"promoted"
"21",47.52,4.26713356678339,"promoted"
"22",21.84,-3.18659329664832,"not promoted"
"23",30.04,8.76938469234617,"not promoted"
"24",18.06,4.57728864432216,"not promoted"
"25",58.4,-3.73686843421711,"not promoted"
"26",53.38,8.32916458229115,"not promoted"
"27",29.58,5.73786893446723,"not promoted"
"28",43.95,9.98999499749875,"not promoted"
"29",37.98,-9.30965482741371,"not promoted"
"30",43.59,-7.09854927463732,"not promoted"
"31",38.91,-8.21910955477739,"not promoted"
"32",50.23,6.03801900950475,"promoted"
"33",28.04,2.04602301150575,"not promoted"
"34",52.21,3.42671335667834,"promoted"
"35",31.3,4.55727863931966,"not promoted"
"36",36.91,-3.25662831415708,"not promoted"
"37",30.12,-9.9399699849925,"not promoted"
"38",50.21,-1.82591295647824,"not promoted"
"39",53.93,3.34667333666833,"promoted"
"40",48.4,6.26813406703351,"promoted"
"41",47.46,-2.39619809904953,"not promoted"
"42",56.64,3.95697848924462,"promoted"
"43",41.76,3.70685342671336,"promoted"
"44",20.73,6.11805902951476,"not promoted"
"45",46.7,-0.54527263631816,"not promoted"
"46",40.36,-2.81640820410205,"not promoted"
"47",52.67,4.31715857928964,"promoted"
"48",39.28,3.19659829914957,"promoted"
"49",33.53,-9.43971985992997,"not promoted"
"50",57.14,-6.21810905452726,"not promoted"
"51",24.24,3.10655327663832,"not promoted"
"52",56.53,8.28914457228614,"promoted"
"53",23.4,-6.95847923961981,"not promoted"
"54",52.71,-1.86593296648324,"not promoted"
"55",19.64,-1.2456228114057,"not promoted"
"56",43.32,-2.06603301650825,"not promoted"
"57",24.39,4.66733366683342,"not promoted"
"58",47.02,-4.91745872936468,"not promoted"
"59",32.6,-9.23961980990495,"not promoted"
"60",24.43,9.30965482741371,"not promoted"
"61",36.93,0.325162581290645,"promoted"
"62",45.9,-0.0350175087543771,"not promoted"
"63",44.14,9.23961980990495,"not promoted"
"64",54.96,-7.61880940470235,"not promoted"
"65",29.77,-0.485242621310656,"not promoted"
"66",46.07,3.99699849924962,"promoted"
"67",20.84,4.33716858429215,"not promoted"
"68",56.18,9.01950975487744,"promoted"
"69",42.54,1.17558779389695,"promoted"
"70",38.13,9.53976988494247,"not promoted"
"71",20.56,0.155077538769385,"promoted"
"72",55.8,3.29664832416208,"promoted"
"73",44.41,4.3871935967984,"promoted"
"74",30.75,4.20710355177589,"not promoted"
"75",28.38,-1.88594297148574,"not promoted"
"76",29.2,-7.40870435217609,"not promoted"
"77",34.85,8.04902451225613,"not promoted"
"78",45.73,-0.105052526263131,"not promoted"
"79",22.35,4.65732866433217,"not promoted"
"80",42.25,3.97698849424712,"not promoted"
"81",35.92,-7.86893446723362,"not promoted"
"82",29.93,3.02651325662831,"not promoted"
"83",50.46,4.68734367183592,"promoted"
"84",37.96,-9.70985492746373,"not promoted"
"85",23.19,9.96998499249625,"not promoted"
"86",47.16,-5.79789894947474,"not promoted"
"87",31.95,-9.38969484742371,"not promoted"
"88",53,5.06753376688344,"promoted"
"89",30.48,-2.8064032016008,"not promoted"
"90",27.1,-5.76788394197099,"not promoted"
"91",33.88,3.78689344672336,"not promoted"
"92",33.95,-1.52576288144072,"not promoted"
"93",44.07,7.12856428214107,"not promoted"
"94",54.77,0.685342671335668,"promoted"
"95",57.1,-4.84742371185593,"not promoted"
"96",50.17,-9.05952976488244,"not promoted"
"97",23.78,0.0750375187593786,"promoted"
"98",21.53,2.43621810905453,"not promoted"
"99",40.99,-8.90945472736368,"not promoted"
"100",30.02,-3.04652326163082,"not promoted"
"101",36.13,-5.26763381690845,"not promoted"
"102",59.66,2.32616308154077,"promoted"
"103",28.17,4.37718859429715,"not promoted"
"104",53.51,-0.295147573786894,"not promoted"
"105",27.64,2.38619309654827,"not promoted"
"106",35.63,-9.85992996498249,"not promoted"
"107",59.14,-2.56628314157079,"not promoted"
"108",19.24,-4.85742871435718,"not promoted"
"109",27.41,7.20860430215107,"not promoted"
"110",29.49,8.33916958479239,"not promoted"
"111",39.89,7.5687843921961,"not promoted"
"112",53.13,-4.35717858929465,"not promoted"
"113",31.38,-9.07953976988494,"not promoted"
"114",53.57,-3.81690845422711,"not promoted"
"115",24.68,-7.49874937468734,"not promoted"
"116",41.93,-4.14707353676838,"not promoted"
"117",21.03,-9.75987993996998,"not promoted"
"118",20.12,6.67833916958479,"not promoted"
"119",22.48,2.016008004002,"not promoted"
"120",56.85,8.68934467233617,"promoted"
"121",26.17,5.74787393696848,"not promoted"
"122",52.04,8.88944472236118,"not promoted"
"123",30.52,2.7863931965983,"not promoted"
"124",21.34,-0.925462731365682,"not promoted"
"125",41.11,7.92896448224112,"not promoted"
"126",29.09,3.76688344172086,"not promoted"
"127",20.63,-8.61930965482741,"not promoted"
"128",23.48,9.78989494747374,"not promoted"
"129",27.27,4.76738369184592,"not promoted"
"130",52.98,-6.22811405702851,"not promoted"
"131",21.78,6.51825912956478,"not promoted"
"132",38.49,-7.29864932466233,"not promoted"
"133",34.35,-1.44572286143072,"not promoted"
"134",35.38,-7.34867433716858,"not promoted"
"135",36.22,2.00600300150075,"promoted"
"136",21.4,3.58679339669835,"not promoted"
"137",49.45,7.26863431715858,"promoted"
"138",22.77,4.52726363181591,"not promoted"
"139",34.56,-2.63631815907954,"not promoted"
"140",37.69,-9.64982491245623,"not promoted"
"141",57.54,4.82741370685343,"promoted"
"142",31.55,3.07653826913457,"not promoted"
"143",45.06,-8.16908454227114,"not promoted"
"144",26.95,8.23911955977989,"not promoted"
"145",57.69,-7.94897448724362,"not promoted"
"146",44.73,5.9479739869935,"not promoted"
"147",58.42,7.97898949474737,"promoted"
"148",18.82,-5.72786393196598,"not promoted"
"149",50.86,6.01800900450225,"promoted"
"150",49.94,-6.39819909954977,"not promoted"
"151",36.41,5.32766383191596,"not promoted"
"152",54.14,1.84592296148074,"promoted"
"153",59.79,6.07803901950976,"promoted"
"154",48.95,-9.90995497748874,"not promoted"
"155",34.91,9.36968484242121,"not promoted"
"156",52.1,6.42821410705353,"promoted"
"157",32.06,8.08904452226113,"not promoted"
"158",47.12,8.97948974487243,"not promoted"
"159",35.59,-8.44922461230615,"not promoted"
"160",28.02,1.58579289644822,"promoted"
"161",47.96,-9.17958979489745,"not promoted"
"162",47.37,-6.59829914957479,"not promoted"
"163",46.53,2.69634817408704,"promoted"
"164",30.54,4.58729364682341,"not promoted"
"165",42.48,8.89944972486243,"not promoted"
"166",48.82,-8.27913956978489,"not promoted"
"167",57.77,-2.95647823911956,"not promoted"
"168",31.82,7.6688344172086,"not promoted"
"169",19.47,-1.77588794397199,"not promoted"
"170",27.58,-7.96898449224612,"not promoted"
"171",36.7,-2.41620810405203,"not promoted"
"172",43.44,5.1975987993997,"not promoted"
"173",48.57,5.66783391695848,"promoted"
"174",28.23,5.44772386193097,"not promoted"
"175",50.8,-3.48674337168584,"not promoted"
"176",37.14,5.75787893946973,"not promoted"
"177",50.71,-6.56828414207104,"not promoted"
"178",22.5,-6.72836418209105,"not promoted"
"179",29.32,-7.38869434717359,"not promoted"
"180",30.86,-4.98749374687344,"not promoted"
"181",56.39,-6.63831915957979,"not promoted"
"182",37.25,4.84742371185593,"not promoted"
"183",37.67,-7.50875437718859,"not promoted"
"184",37.54,-1.40570285142571,"not promoted"
"185",24.2,1.12556278139069,"promoted"
"186",24.87,3.44672336168084,"not promoted"
"187",42.58,4.18709354677339,"promoted"
"188",54.22,-5.39769884942471,"not promoted"
"189",36.66,0.215107553776889,"promoted"
"190",54.37,-1.55577788894447,"not promoted"
"191",41.26,-3.01650825412706,"not promoted"
"192",41.24,-2.71635817908954,"not promoted"
"193",23.23,1.42571285642821,"promoted"
"194",57.37,4.78739369684842,"promoted"
"195",23.88,-3.52676338169085,"not promoted"
"196",53.68,-0.86543271635818,"not promoted"
"197",36.85,-9.94997498749375,"not promoted"
"198",36.24,7.6888444222111,"not promoted"
"199",32.41,3.03651825912956,"not promoted"
"200",27.03,-8.79939969984992,"not promoted"
"201",40.12,1.92596298149074,"promoted"
"202",18.19,-6.84842421210605,"not promoted"
"203",56.93,-1.69584792396198,"not promoted"
"204",48.76,-8.42921460730365,"not promoted"
"205",58.66,5.38769384692346,"promoted"
"206",46.74,-8.18909454727364,"not promoted"
"207",51.93,-5.88794397198599,"not promoted"
"208",30.27,4.06703351675838,"not promoted"
"209",53.36,0.665332666333166,"promoted"
"210",39.75,3.87693846923462,"not promoted"
"211",24.14,-0.415207603801901,"not promoted"
"212",35.82,-5.80790395197599,"not promoted"
"213",54.35,-8.64932466233117,"not promoted"
"214",24.35,-1.41570785392696,"not promoted"
"215",52.06,-1.19559779889945,"not promoted"
"216",53.74,5.71785892946473,"promoted"
"217",46.6,1.01550775387694,"promoted"
"218",46.85,-1.15557778889445,"not promoted"
"219",56.09,3.17658829414707,"promoted"
"220",53.32,-9.21960980490245,"not promoted"
"221",20.23,-0.385192596298149,"not promoted"
"222",33.78,6.52826413206603,"not promoted"
"223",29.39,-7.81890945472736,"not promoted"
"224",50.38,3.22661330665333,"promoted"
"225",34.26,8.36918459229615,"not promoted"
"226",39.58,4.95747873936968,"not promoted"
"227",18.88,-8.72936468234117,"not promoted"
"228",21.95,5.51775887943972,"not promoted"
"229",37.12,-1.67583791895948,"not promoted"
"230",21.57,-5.08754377188594,"not promoted"
"231",18.8,6.74837418709355,"not promoted"
"232",35,0.945472736368183,"promoted"
"233",22.52,-6.61830915457729,"not promoted"
"234",45.61,7.50875437718859,"not promoted"
"235",19.2,9.87993996998499,"not promoted"
"236",26.28,-3.84692346173087,"not promoted"
"237",43.36,-3.33666833416708,"not promoted"
"238",54.98,9.13956978489244,"not promoted"
"239",27.56,4.51725862931466,"not promoted"
"240",39.96,-3.38669334667334,"not promoted"
"241",43.07,0.365182591295648,"promoted"
"242",59.62,-3.98699349674837,"not promoted"
"243",30.33,-0.605302651325664,"not promoted"
"244",19.3,8.38919459729865,"not promoted"
"245",58.68,-2.97648824412206,"not promoted"
"246",55.63,9.39969984992496,"promoted"
"247",26.74,0.345172586293145,"promoted"
"248",57.92,-7.16858429214607,"not promoted"
"249",36.59,6.0280140070035,"not promoted"
"250",40.96,-2.50625312656328,"not promoted"
"251",19.22,6.86843421710855,"not promoted"
"252",58.17,-5.75787893946973,"not promoted"
"253",49.66,5.48774387193597,"promoted"
"254",34.87,2.0360180090045,"promoted"
"255",22.24,7.10855427713857,"not promoted"
"256",44.26,2.62631315657829,"promoted"
"257",44.6,5.53776888444222,"not promoted"
"258",26.66,3.69684842421211,"not promoted"
"259",30.1,-3.66683341670835,"not promoted"
"260",29.37,9.42971485742871,"not promoted"
"261",27.98,4.98749374687344,"not promoted"
"262",37.73,-7.87893946973487,"not promoted"
"263",51.53,-5.69784892446223,"not promoted"
"264",38.55,-3.68684342171086,"not promoted"
"265",28.95,6.53826913456728,"not promoted"
"266",26.49,3.41670835417709,"not promoted"
"267",47.83,7.37868934467233,"not promoted"
"268",33.02,8.05902951475738,"not promoted"
"269",30.73,-1.2056028014007,"not promoted"
"270",34.81,1.59579789894947,"promoted"
"271",28.51,6.78839419709855,"not promoted"
"272",26.99,-5.03751875937969,"not promoted"
"273",34.33,-6.42821410705353,"not promoted"
"274",38.61,9.64982491245623,"not promoted"
"275",22.29,-5.85792896448224,"not promoted"
"276",49.47,4.93746873436718,"promoted"
"277",41.68,-1.23561780890445,"not promoted"
"278",43.91,-3.09654827413707,"not promoted"
"279",27.87,-6.62831415707854,"not promoted"
"280",53.59,6.0680340170085,"promoted"
"281",19.37,9.1695847923962,"not promoted"
"282",19.83,6.008004002001,"not promoted"
"283",58.8,0.505252626313156,"promoted"
"284",30.61,-4.70735367683842,"not promoted"
"285",24.47,4.41720860430215,"not promoted"
"286",20.96,-1.73586793396698,"not promoted"
"287",24.16,-3.06653326663332,"not promoted"
"288",48.34,0.73536768384192,"promoted"
"289",33,2.31615807903952,"promoted"
"290",42.86,6.19809904952476,"not promoted"
"291",48.53,-6.29814907453727,"not promoted"
"292",50.25,-9.2696348174087,"not promoted"
"293",47.08,7.02851425712856,"promoted"
"294",20.42,3.28664332166083,"not promoted"
"295",37.5,-3.42671335667834,"not promoted"
"296",38.84,-1.68584292146073,"not promoted"
"297",28.06,8.85942971485743,"not promoted"
"298",39.81,-6.67833916958479,"not promoted"
"299",28.19,2.60630315157579,"not promoted"
"300",23.32,-4.05702851425713,"not promoted"
"301",33.21,7.42871435717859,"not promoted"
"302",49.81,1.68584292146073,"promoted"
"303",55.92,-0.115057528764382,"not promoted"
"304",43.23,4.56728364182091,"not promoted"
"305",48.49,-0.495247623811906,"not promoted"
"306",41.74,-3.19659829914958,"not promoted"
"307",31.15,-7.02851425712856,"not promoted"
"308",22.06,-2.47623811905953,"not promoted"
"309",33.57,6.31815907953977,"not promoted"
"310",38.19,3.32666333166583,"not promoted"
"311",59.26,1.64582291145573,"promoted"
"312",36.76,2.26613306653327,"promoted"
"313",52.08,-6.44822411205603,"not promoted"
"314",25.65,-6.18809404702351,"not promoted"
"315",47.44,-2.34617308654327,"not promoted"
"316",26.82,-5.16758379189595,"not promoted"
"317",35.27,-0.405202601300651,"not promoted"
"318",42.75,-6.98849424712356,"not promoted"
"319",42.98,-9.1495747873937,"not promoted"
"320",22.33,-1.92596298149074,"not promoted"
"321",49.33,1.43571785892946,"promoted"
"322",41.7,-4.51725862931466,"not promoted"
"323",49.62,2.18609304652326,"promoted"
"324",30.31,3.40670335167584,"not promoted"
"325",23.86,4.10705352676338,"not promoted"
"326",38.4,3.50675337668834,"promoted"
"327",27.22,-5.60780390195098,"not promoted"
"328",26.15,-3.6568284142071,"not promoted"
"329",28.46,5.12756378189095,"not promoted"
"330",38.8,7.83891945972987,"not promoted"
"331",23.25,4.45722861430715,"not promoted"
"332",44.35,-4.18709354677339,"not promoted"
"333",51.34,-8.52926463231616,"not promoted"
"334",45.67,4.23711855927964,"promoted"
"335",56.24,6.87843921960981,"promoted"
"336",27.71,3.90695347673837,"not promoted"
"337",53.09,6.76838419209605,"promoted"
"338",20.08,-4.26713356678339,"not promoted"
"339",37.29,8.94947473736868,"not promoted"
"340",56.41,5.87793896948474,"promoted"
"341",20.94,4.64732366183092,"not promoted"
"342",37.39,-6.20810405202601,"not promoted"
"343",59.16,-2.96648324162081,"not promoted"
"344",25.94,-9.15957978989495,"not promoted"
"345",40.25,3.48674337168584,"promoted"
"346",31.13,0.0150075037518764,"promoted"
"347",57.98,-2.02601300650325,"not promoted"
"348",47.1,2.11605802901451,"promoted"
"349",55.88,-7.03851925962982,"not promoted"
"350",32.85,7.74887443721861,"not promoted"
"351",41.3,-6.47823911955978,"not promoted"
"352",20.88,2.47623811905953,"not promoted"
"353",25.21,-0.00500250125062607,"not promoted"
"354",43.93,3.83691845922962,"promoted"
"355",49.18,-9.04952476238119,"not promoted"
"356",32.29,2.58629314657329,"promoted"
"357",27.66,-3.23661830915458,"not promoted"
"358",33.25,8.72936468234117,"not promoted"
"359",58.87,-8.68934467233617,"not promoted"
"360",54.56,-9.45972986493247,"not promoted"
"361",59.29,-2.0360180090045,"not promoted"
"362",50.02,9.10955477738869,"not promoted"
"363",32.69,1.53576788394197,"promoted"
"364",58.32,6.048024012006,"promoted"
"365",52.33,-4.06703351675838,"not promoted"
"366",58.45,7.88894447223612,"promoted"
"367",25.77,9.2296148074037,"not promoted"
"368",25.96,-7.55877938969485,"not promoted"
"369",20.02,1.40570285142571,"promoted"
"370",19.01,-2.59629814907454,"not promoted"
"371",33.82,2.19609804902451,"promoted"
"372",35.1,-1.51575787893947,"not promoted"
"373",49.35,-2.65632816408204,"not promoted"
"374",44.96,-8.08904452226113,"not promoted"
"375",27.96,1.54577288644322,"promoted"
"376",21.63,7.67883941970986,"not promoted"
"377",57.56,-9.53976988494247,"not promoted"
"378",51.13,5.79789894947474,"promoted"
"379",56.22,5.36768384192096,"promoted"
"380",21.82,5.97798899449725,"not promoted"
"381",25.27,1.32566283141571,"promoted"
"382",41.05,-4.16708354177089,"not promoted"
"383",54.01,-0.985492746373186,"not promoted"
"384",55.48,1.04552276138069,"promoted"
"385",20.46,-5.35767883941971,"not promoted"
"386",45.19,6.8384192096048,"promoted"
"387",51.07,-6.87843921960981,"not promoted"
"388",54.03,0.115057528764382,"promoted"
"389",25.48,-9.06953476738369,"not promoted"
"390",44.79,0.305152576288144,"promoted"
"391",21.24,-5.65782891445723,"not promoted"
"392",51.87,-5.59779889944973,"not promoted"
"393",49.14,6.18809404702351,"promoted"
"394",19.26,0.875437718859429,"promoted"
"395",51.39,8.75937968984492,"not promoted"
"396",57.79,-8.94947473736868,"not promoted"
"397",55.36,9.1495747873937,"promoted"
"398",43.25,6.22811405702851,"not promoted"
"399",45.21,-4.90745372686343,"not promoted"
"400",41.09,6.90845422711356,"not promoted"
"401",41.32,-1.76588294147074,"not promoted"
"402",44.2,6.10805402701351,"not promoted"
"403",25.02,-1.45572786393197,"not promoted"
"404",38.99,-7.88894447223612,"not promoted"
"405",42.94,-5.70785392696348,"not promoted"
"406",18.25,-8.14907453726863,"not promoted"
"407",31.36,0.105052526263131,"promoted"
"408",39.49,-3.56678339169585,"not promoted"
"409",29.03,9.04952476238119,"not promoted"
"410",18.84,7.06853426713356,"not promoted"
"411",55.42,-0.06503251625813,"not promoted"
"412",29.43,2.94647323661831,"not promoted"
"413",34.2,-4.73736868434217,"not promoted"
"414",25,-0.165082541270635,"not promoted"
"415",41.49,-4.65732866433217,"not promoted"
"416",58.28,6.69834917458729,"promoted"
"417",23.63,9.93996998499249,"not promoted"
"418",33.34,6.24812406203101,"not promoted"
"419",33.65,1.2256128064032,"promoted"
"420",33.84,1.69584792396198,"promoted"
"421",39.05,-8.46923461730865,"not promoted"
"422",55.21,-5.01750875437719,"not promoted"
"423",19.09,-2.69634817408704,"not promoted"
"424",25.69,2.81640820410205,"not promoted"
"425",36.36,-0.325162581290646,"not promoted"
"426",26.8,-8.54927463731866,"not promoted"
"427",19.11,2.96648324162081,"not promoted"
"428",32.46,-6.26813406703352,"not promoted"
"429",47.54,5.03751875937969,"promoted"
"430",34.41,6.55827913956978,"not promoted"
"431",51.97,0.315157578789394,"promoted"
"432",35.44,0.715357678839419,"promoted"
"433",45.25,-9.46973486743372,"not promoted"
"434",34.12,2.29614807403702,"promoted"
"435",43.99,6.23811905952977,"not promoted"
"436",43.02,8.24912456228114,"not promoted"
"437",52.86,-5.74787393696848,"not promoted"
"438",51.3,1.66583291645823,"promoted"
"439",21.99,5.62781390695348,"not promoted"
"440",35.69,-3.6168084042021,"not promoted"
"441",34.18,9.58979489744872,"not promoted"
"442",32.56,1.23561780890445,"promoted"
"443",51.99,-4.93746873436718,"not promoted"
"444",21.55,-2.90645322661331,"not promoted"
"445",29.11,8.14907453726864,"not promoted"
"446",19.39,-2.28614307153577,"not promoted"
"447",52.16,6.68834417208604,"promoted"
"448",49.56,6.64832416208104,"not promoted"
"449",45.31,0.0350175087543771,"promoted"
"450",58.84,-0.855427713856928,"not promoted"
"451",18.69,-7.41870935467734,"not promoted"
"452",28.57,4.59729864932466,"not promoted"
"453",29.79,-4.82741370685343,"not promoted"
"454",52.35,7.6088044022011,"promoted"
"455",45.99,-6.82841420710355,"not promoted"
"456",21.47,-7.65882941470735,"not promoted"
"457",53.26,0.55527763881941,"promoted"
"458",37.64,9.61980990495248,"not promoted"
"459",25.33,0.25512756378189,"promoted"
"460",42.16,6.05802901450725,"not promoted"
"461",40.15,9.29964982491246,"not promoted"
"462",29.47,6.29814907453727,"not promoted"
"463",33.19,-0.705352676338169,"not promoted"
"464",28.65,-9.68984492246123,"not promoted"
"465",28.3,6.59829914957479,"not promoted"
"466",24.45,2.98649324662331,"not promoted"
"467",30.9,-9.2296148074037,"not promoted"
"468",30.17,-1.87593796898449,"not promoted"
"469",58.36,7.79889944972486,"promoted"
"470",55.71,3.80690345172586,"promoted"
"471",18.21,0.455227613806903,"promoted"
"472",42.62,3.45672836418209,"promoted"
"473",59.58,9.38969484742371,"promoted"
"474",46.83,6.7583791895948,"not promoted"
"475",49.54,-7.80890445222611,"not promoted"
"476",54.18,6.7983991995998,"promoted"
"477",32.92,0.585292646323161,"promoted"
"478",43.57,4.17708854427214,"promoted"
"479",46.99,-3.69684842421211,"not promoted"
"480",18.38,-7.26863431715858,"not promoted"
"481",49.22,-7.75887943971986,"not promoted"
"482",33.32,9.69984992496248,"not promoted"
"483",30.94,-5.43771885942972,"not promoted"
"484",34.45,-3.96698349174587,"not promoted"
"485",37.31,-4.02701350675338,"not promoted"
"486",50.59,-0.275137568784393,"not promoted"
"487",22.92,-3.76688344172086,"not promoted"
"488",34.64,-6.50825412706353,"not promoted"
"489",32.04,6.45822911455728,"not promoted"
"490",58.63,-0.345172586293147,"not promoted"
"491",28.21,2.77638819409705,"not promoted"
"492",38.07,-9.63981990995498,"not promoted"
"493",42.02,-2.33616808404202,"not promoted"
"494",25.25,1.44572286143072,"promoted"
"495",36.78,9.81990995497749,"not promoted"
"496",48.72,-0.965482741370685,"not promoted"
"497",22.16,9.2096048024012,"not promoted"
"498",21.45,0.125062531265632,"promoted"
"499",57.9,7.55877938969485,"promoted"
"500",43.65,4.69734867433717,"not promoted"
"501",36.15,-8.25912956478239,"not promoted"
"502",30.88,-7.06853426713357,"not promoted"
"503",51.49,1.00550275137569,"promoted"
"504",42.69,-0.355177588794398,"not promoted"
"505",37.22,-7.22861430715358,"not promoted"
"506",49.03,-4.62731365682841,"not promoted"
"507",37.52,6.57828914457228,"not promoted"
"508",47.31,0.285142571285643,"promoted"
"509",30.96,-5.61780890445223,"not promoted"
"510",45.48,-9.41970985492746,"not promoted"
"511",29.22,-0.24512256128064,"not promoted"
"512",47.88,0.0250125062531268,"promoted"
"513",39.51,9.77988994497248,"not promoted"
"514",30.77,7.07853926963482,"not promoted"
"515",23.04,-7.84892446223112,"not promoted"
"516",38.57,-4.68734367183592,"not promoted"
"517",29.81,-4.67733866933467,"not promoted"
"518",39.16,-6.048024012006,"not promoted"
"519",49.52,6.15807903951976,"promoted"
"520",52.94,1.2656328164082,"promoted"
"521",35.9,-8.4592296148074,"not promoted"
"522",51.18,-2.35617808904452,"not promoted"
"523",50.15,3.39669834917459,"promoted"
"524",25.29,-4.86743371685843,"not promoted"
"525",38.95,-0.775387693846923,"not promoted"
"526",36.74,-5.11755877938969,"not promoted"
"527",22.2,-3.86693346673337,"not promoted"
"528",20.65,6.48824412206103,"not promoted"
"529",48.3,6.33816908454227,"promoted"
"530",57.48,-4.61730865432716,"not promoted"
"531",30.08,8.48924462231115,"not promoted"
"532",18.5,-8.84942471235618,"not promoted"
"533",31.28,-7.39869934967484,"not promoted"
"534",46.66,6.58829414707354,"promoted"
"535",35.25,4.94747373686843,"not promoted"
"536",57.65,8.90945472736368,"promoted"
"537",34.49,6.93846923461731,"not promoted"
"538",42.88,-7.70885442721361,"not promoted"
"539",41.07,-6.70835417708854,"not promoted"
"540",35.42,-6.7183591795898,"not promoted"
"541",37.43,0.625312656328164,"promoted"
"542",29.95,6.54827413706854,"not promoted"
"543",20.82,7.01850925462731,"not promoted"
"544",49.28,-0.515257628814407,"not promoted"
"545",52.18,3.30665332666333,"promoted"
"546",34.54,0.225112556278139,"promoted"
"547",54.66,-8.01900950475238,"not promoted"
"548",59.2,7.35867933966983,"promoted"
"549",46.51,-8.28914457228614,"not promoted"
"550",34.58,0.24512256128064,"promoted"
"551",22.69,-7.71885942971486,"not promoted"
"552",32.64,-8.88944472236118,"not promoted"
"553",22.31,-8.19909954977489,"not promoted"
"554",43.53,-6.69834917458729,"not promoted"
"555",31.57,8.3791895947974,"not promoted"
"556",30.35,2.49624812406203,"not promoted"
"557",57.94,-5.46773386693347,"not promoted"
"558",44.47,-3.6768384192096,"not promoted"
"559",35.48,-0.305152576288144,"not promoted"
"560",51.47,-0.895447723861931,"not promoted"
"561",40.75,4.22711355677839,"not promoted"
"562",23.99,-6.48824412206103,"not promoted"
"563",59.5,-1.80590295147574,"not promoted"
"564",42.5,3.14657328664332,"promoted"
"565",59.01,7.90895447723862,"promoted"
"566",48.86,-9.88994497248624,"not promoted"
"567",32.01,0.0550275137568779,"promoted"
"568",56.34,1.03551775887944,"promoted"
"569",49.6,1.9559779889945,"promoted"
"570",22.96,-5.97798899449725,"not promoted"
"571",30.59,6.7783891945973,"not promoted"
"572",31.11,-4.99749874937469,"not promoted"
"573",26.36,-1.01550775387694,"not promoted"
"574",37.35,-6.38819409704852,"not promoted"
"575",47.9,-1.00550275137569,"not promoted"
"576",58.89,2.48624312156078,"promoted"
"577",32.14,-0.885442721360681,"not promoted"
"578",24.72,5.84792396198099,"not promoted"
"579",23.95,9.94997498749375,"not promoted"
"580",49.37,-5.89794897448724,"not promoted"
"581",26.01,-8.22911455727864,"not promoted"
"582",46.2,-9.65982991495748,"not promoted"
"583",27.69,-9.71985992996498,"not promoted"
"584",20.67,7.51875937968984,"not promoted"
"585",21.36,-6.76838419209605,"not promoted"
"586",42.35,-4.66733366683342,"not promoted"
"587",40.57,7.81890945472736,"not promoted"
"588",51.11,-8.24912456228114,"not promoted"
"589",52.31,-0.575287643821911,"not promoted"
"590",34.93,-5.05752876438219,"not promoted"
"591",28,9.33966983491746,"not promoted"
"592",22.64,-8.09904952476238,"not promoted"
"593",25.37,-7.91895947973987,"not promoted"
"594",41.28,-4.4672336168084,"not promoted"
"595",59.1,6.40820410205103,"promoted"
"596",42.65,7.5487743871936,"not promoted"
"597",42.83,7.33866933466733,"not promoted"
"598",55.55,-6.43821910955478,"not promoted"
"599",25.56,-9.1295647823912,"not promoted"
"600",48.36,5.89794897448724,"not promoted"
"601",35.02,8.52926463231616,"not promoted"
"602",56.68,-9.09954977488744,"not promoted"
"603",54.64,-0.475237618809405,"not promoted"
"604",24.93,-2.87643821910955,"not promoted"
"605",22.27,-7.37868934467234,"not promoted"
"606",19.18,7.18859429714857,"not promoted"
"607",39.24,9.88994497248624,"not promoted"
"608",36.17,-5.71785892946473,"not promoted"
"609",29.35,1.38569284642321,"promoted"
"610",40.65,-3.16658329164582,"not promoted"
"611",52.5,-5.22761380690345,"not promoted"
"612",23.84,-2.25612806403202,"not promoted"
"613",32.2,0.265132566283141,"promoted"
"614",20.75,-4.24712356178089,"not promoted"
"615",23.5,-5.07753876938469,"not promoted"
"616",38.42,-7.77888944472236,"not promoted"
"617",51.62,1.25562781390695,"promoted"
"618",46.64,-3.21660830415208,"not promoted"
"619",32.75,-3.02651325662831,"not promoted"
"620",42.46,0.195097548774386,"promoted"
"621",44.49,7.87893946973487,"not promoted"
"622",35.65,7.89894947473737,"not promoted"
"623",33.55,3.5767883941971,"not promoted"
"624",31.22,-0.825412706353177,"not promoted"
"625",32.77,-8.85942971485743,"not promoted"
"626",22.66,-1.84592296148074,"not promoted"
"627",25.42,-7.99899949974987,"not promoted"
"628",58.07,9.07953976988494,"promoted"
"629",43.42,-7.23861930965483,"not promoted"
"630",57.86,4.27713856928464,"promoted"
"631",18.46,7.94897448724362,"not promoted"
"632",54.81,2.66633316658329,"promoted"
"633",56.47,-1.47573786893447,"not promoted"
"634",52.9,-6.34817408704352,"not promoted"
"635",32.43,9.92996498249125,"not promoted"
"636",55.97,4.89744872436218,"promoted"
"637",60,5.49774887443722,"promoted"
"638",58.72,7.72886443221611,"promoted"
"639",42.08,3.09654827413707,"promoted"
"640",38,-2.91645822911456,"not promoted"
"641",26.03,-8.17908954477239,"not promoted"
"642",59.83,-7.5887943971986,"not promoted"
"643",40.29,-7.44872436218109,"not promoted"
"644",37.85,-9.83991995997999,"not promoted"
"645",24.11,5.42771385692846,"not promoted"
"646",27.83,-9.74987493746873,"not promoted"
"647",58.53,5.69784892446223,"promoted"
"648",25.67,-1.28564282141071,"not promoted"
"649",52.84,1.73586793396698,"promoted"
"650",29.18,1.28564282141071,"promoted"
"651",41.85,4.12706353176588,"not promoted"
"652",26.3,-3.41670835417709,"not promoted"
"653",20.58,1.81590795397699,"not promoted"
"654",19.89,9.63981990995498,"not promoted"
"655",23.42,-3.89694847423712,"not promoted"
"656",41.53,-2.70635317658829,"not promoted"
"657",35.8,-4.71735867933967,"not promoted"
"658",49.05,-8.3191595797899,"not promoted"
"659",50.31,-1.79589794897449,"not promoted"
"660",39.85,-9.58979489744872,"not promoted"
"661",36.26,-5.20760380190095,"not promoted"
"662",45.92,8.26913456728364,"not promoted"
"663",39.18,3.6568284142071,"not promoted"
"664",27.73,-6.89844922461231,"not promoted"
"665",58.49,-0.805402701350676,"not promoted"
"666",37.48,7.13856928464232,"not promoted"
"667",37.71,-5.93796898449225,"not promoted"
"668",46.72,3.6168084042021,"promoted"
"669",45.88,-5.27763881940971,"not promoted"
"670",33.46,1.83591795897949,"promoted"
"671",22.73,3.05652826413207,"not promoted"
"672",24.51,5.31765882941471,"not promoted"
"673",48.65,-7.18859429714857,"not promoted"
"674",28.99,-2.98649324662331,"not promoted"
"675",46.32,-9.73986993496748,"not promoted"
"676",38.3,5.80790395197599,"not promoted"
"677",45.33,2.34617308654327,"promoted"
"678",33.38,4.62731365682841,"not promoted"
"679",55,-2.60630315157579,"not promoted"
"680",45.27,4.14707353676838,"promoted"
"681",52.65,-7.17858929464732,"not promoted"
"682",55.76,-8.15907953976988,"not promoted"
"683",34.28,-2.8664332166083,"not promoted"
"684",31.05,-2.46623311655828,"not promoted"
"685",50.04,-7.36868434217109,"not promoted"
"686",56.87,8.13906953476738,"promoted"
"687",29.62,-8.32916458229115,"not promoted"
"688",58.11,8.49924962481241,"promoted"
"689",51.64,-3.13656828414207,"not promoted"
"690",40.17,-6.78839419709855,"not promoted"
"691",46.3,-5.51775887943972,"not promoted"
"692",53.11,-7.6688344172086,"not promoted"
"693",30.71,1.21560780390195,"promoted"
"694",53.8,8.67933966983492,"not promoted"
"695",20.14,9.54977488744372,"not promoted"
"696",29.01,-7.92896448224112,"not promoted"
"697",31.74,-5.18759379689845,"not promoted"
"698",25.82,-6.25812906453227,"not promoted"
"699",40.21,-1.56578289144572,"not promoted"
"700",45.4,0.795397698849424,"promoted"
"701",25.14,-4.75737868934467,"not promoted"
"702",39.35,-1.72586293146573,"not promoted"
"703",46.03,0.515257628814407,"promoted"
"704",34.05,4.70735367683842,"not promoted"
"705",21.7,1.85592796398199,"not promoted"
"706",38.7,-9.9799899949975,"not promoted"
"707",50.61,-5.67783891945973,"not promoted"
"708",28.97,9.02951475737869,"not promoted"
"709",45.23,3.94697348674337,"promoted"
"710",40.82,-2.04602301150575,"not promoted"
"711",56.28,-7.45872936468234,"not promoted"
"712",38.21,-9.1895947973987,"not promoted"
"713",37.16,4.97748874437219,"not promoted"
"714",51.43,-7.28864432216108,"not promoted"
"715",47.98,-8.77938969484742,"not promoted"
"716",38.38,-9.52976488244122,"not promoted"
"717",28.25,-4.23711855927964,"not promoted"
"718",50.69,-6.31815907953977,"not promoted"
"719",28.72,-9.36968484242121,"not promoted"
"720",28.8,3.24662331165583,"not promoted"
"721",42.06,-6.0280140070035,"not promoted"
"722",47.58,1.15557778889445,"promoted"
"723",36.83,4.08704352176088,"not promoted"
"724",40.5,-3.05652826413207,"not promoted"
"725",46.68,3.98699349674837,"promoted"
"726",43.15,3.62681340670335,"promoted"
"727",34.37,-5.1575787893947,"not promoted"
"728",56.26,-3.29664832416208,"not promoted"
"729",51.95,-4.47723861930965,"not promoted"
"730",53.72,8.18909454727364,"promoted"
"731",35.86,-1.11555777888944,"not promoted"
"732",29.51,-1.07553776888444,"not promoted"
"733",53.28,1.08554277138569,"promoted"
"734",27.94,0.185092546273136,"promoted"
"735",31.99,-5.44772386193097,"not promoted"
"736",37.94,-7.19859929964982,"not promoted"
"737",18.55,-5.49774887443722,"not promoted"
"738",42.14,5.85792896448224,"not promoted"
"739",37.01,-6.24812406203102,"not promoted"
"740",50.44,8.44922461230615,"not promoted"
"741",23.82,1.51575787893947,"not promoted"
"742",48.99,8.40920460230115,"promoted"
"743",56.51,-3.35667833916959,"not promoted"
"744",56.95,3.5967983991996,"promoted"
"745",51.68,-6.55827913956978,"not promoted"
"746",57.02,-6.16808404202101,"not promoted"
"747",46.78,-0.56528264132066,"not promoted"
"748",59.24,-2.44622311155578,"not promoted"
"749",45.94,4.47723861930965,"promoted"
"750",34.62,0.495247623811906,"promoted"
"751",46.57,-4.13706853426713,"not promoted"
"752",52.02,0.645322661330665,"promoted"
"753",51.89,5.16758379189595,"promoted"
"754",31.93,-8.76938469234617,"not promoted"
"755",42.33,4.92746373186593,"promoted"
"756",58,0.965482741370685,"promoted"
"757",35.52,8.96948474237119,"not promoted"
"758",56.7,-4.3271635817909,"not promoted"
"759",48.15,8.82941470735368,"not promoted"
"760",54.87,-2.52626313156578,"not promoted"
"761",46.39,-3.10655327663832,"not promoted"
"762",28.11,9.06953476738369,"not promoted"
"763",43.72,1.52576288144072,"promoted"
"764",21.19,9.35967983991996,"not promoted"
"765",29.26,1.29564782391196,"promoted"
"766",41.22,-2.88644322161081,"not promoted"
"767",44.89,6.46823411705853,"not promoted"
"768",37.33,7.48874437218609,"not promoted"
"769",47.18,8.92946473236618,"not promoted"
"770",43.09,6.96848424212106,"not promoted"
"771",52.29,-8.3791895947974,"not promoted"
"772",26.51,-0.755377688844423,"not promoted"
"773",19.79,-5.95797898949475,"not promoted"
"774",41.99,1.70585292646323,"promoted"
"775",53.89,7.25862931465733,"promoted"
"776",28.86,8.55927963981991,"not promoted"
"777",40.84,7.09854927463732,"not promoted"
"778",49.31,3.5567783891946,"promoted"
"779",59.71,-6.96848424212106,"not promoted"
"780",57.84,0.335167583791895,"promoted"
"781",56.43,-0.55527763881941,"not promoted"
"782",47.29,9.09954977488744,"not promoted"
"783",51.28,-7.74887443721861,"not promoted"
"784",52.27,5.55777888944472,"promoted"
"785",54.79,-0.735367683841922,"not promoted"
"786",59.05,2.73636818409205,"promoted"
"787",48.19,-9.959979989995,"not promoted"
"788",38.74,2.79639819909955,"promoted"
"789",55.86,-3.46673336668334,"not promoted"
"790",44.18,8.99949974987494,"not promoted"
"791",27.14,7.39869934967484,"not promoted"
"792",27.5,-6.52826413206603,"not promoted"
"793",59.08,-6.8584292146073,"not promoted"
"794",58.21,-5.83791895947974,"not promoted"
"795",19.7,-8.3991995997999,"not promoted"
"796",22.71,-2.68634317158579,"not promoted"
"797",48.93,-0.215107553776889,"not promoted"
"798",57.27,-0.935467733866934,"not promoted"
"799",30.63,-1.64582291145573,"not promoted"
"800",55.94,4.71735867933967,"promoted"
"801",49.12,5.43771885942972,"promoted"
"802",25.73,-5.36768384192096,"not promoted"
"803",36.07,-6.88844422211106,"not promoted"
"804",18.71,-7.11855927963982,"not promoted"
"805",54.62,-4.3871935967984,"not promoted"
"806",32.67,-2.58629314657329,"not promoted"
"807",56.81,5.45772886443222,"promoted"
"808",30.65,-1.59579789894947,"not promoted"
"809",46.24,-2.31615807903952,"not promoted"
"810",52.75,-5.62781390695348,"not promoted"
"811",44.81,-2.48624312156078,"not promoted"
"812",32.62,-6.80840420210105,"not promoted"
"813",35.29,8.12906453226613,"not promoted"
"814",56.83,-5.73786893446723,"not promoted"
"815",41.89,-5.99799899949975,"not promoted"
"816",51.2,7.40870435217609,"not promoted"
"817",27.92,1.65582791395698,"promoted"
"818",55.57,5.1375687843922,"promoted"
"819",27.39,-8.53926963481741,"not promoted"
"820",49.7,5.82791395697849,"promoted"
"821",40.06,1.96598299149575,"promoted"
"822",48,-3.88694347173587,"not promoted"
"823",55.08,2.09604802401201,"promoted"
"824",31.7,8.01900950475238,"not promoted"
"825",50.76,-3.91695847923962,"not promoted"
"826",59.33,-8.04902451225613,"not promoted"
"827",31.32,-1.935967983992,"not promoted"
"828",44.68,-9.32966483241621,"not promoted"
"829",21.38,-2.20610305152576,"not promoted"
"830",24.66,1.06553276638319,"promoted"
"831",19.34,0.755377688844423,"promoted"
"832",44.01,-1.85592796398199,"not promoted"
"833",38.65,-5.91795897948974,"not promoted"
"834",42.67,5.63781890945473,"not promoted"
"835",28.34,1.31565782891446,"promoted"
"836",42.1,-2.73636818409205,"not promoted"
"837",23.92,-5.09754877438719,"not promoted"
"838",20.61,-2.67633816908454,"not promoted"
"839",36.57,-4.78739369684842,"not promoted"
"840",40.52,8.66933466733366,"not promoted"
"841",24.98,1.91595797898949,"not promoted"
"842",58.15,9.31965982991496,"promoted"
"843",25.08,9.67983991995998,"not promoted"
"844",20.86,-7.00850425212606,"not promoted"
"845",41.97,5.33766883441721,"not promoted"
"846",50.82,7.77888944472236,"not promoted"
"847",34.6,6.82841420710355,"not promoted"
"848",37.08,3.86693346673337,"not promoted"
"849",40.69,-5.12756378189095,"not promoted"
"850",31.68,1.45572786393197,"promoted"
"851",27.75,-6.37818909454727,"not promoted"
"852",34.22,6.66833416708354,"not promoted"
"853",27.79,-8.48924462231115,"not promoted"
"854",44.43,-4.00700350175088,"not promoted"
"855",59.73,4.72736368184092,"promoted"
"856",52.23,7.43871935967984,"promoted"
"857",22.22,2.93646823411706,"not promoted"
"858",55.84,6.30815407703852,"promoted"
"859",57.21,5.18759379689845,"promoted"
"860",21.68,-2.16608304152076,"not promoted"
"861",43.78,-3.51675837918959,"not promoted"
"862",43.46,3.00650325162581,"promoted"
"863",25.71,-0.335167583791897,"not promoted"
"864",27.62,-3.26663331665833,"not promoted"
"865",50,3.37668834417209,"promoted"
"866",32.73,-1.50575287643822,"not promoted"
"867",57.12,-6.14807403701851,"not promoted"
"868",39.2,-8.26913456728364,"not promoted"
"869",55.99,8.10905452726363,"promoted"
"870",47.79,0.145072536268135,"promoted"
"871",23.13,8.09904952476238,"not promoted"
"872",35.12,-2.55627813906954,"not promoted"
"873",55.13,9.959979989995,"promoted"
"874",34.16,-1.06553276638319,"not promoted"
"875",37.27,4.4072036018009,"not promoted"
"876",47.39,-2.40620310155078,"not promoted"
"877",35.19,6.088044022011,"not promoted"
"878",40.61,-4.15707853926963,"not promoted"
"879",43.74,1.9959979989995,"promoted"
"880",41.47,-0.815407703851927,"not promoted"
"881",29.45,7.6288144072036,"not promoted"
"882",59.41,-5.06753376688344,"not promoted"
"883",19.13,2.7663831915958,"not promoted"
"884",48.91,-2.7463731865933,"not promoted"
"885",36.95,3.49674837418709,"not promoted"
"886",18.11,0.205102551275637,"promoted"
"887",50.78,-2.83641820910455,"not promoted"
"888",30,3.54677338669335,"not promoted"
"889",59.94,-0.635317658829415,"not promoted"
"890",21.8,-3.90695347673837,"not promoted"
"891",27.52,-0.745372686343172,"not promoted"
"892",36.53,9.9799899949975,"not promoted"
"893",32.27,-5.86793396698349,"not promoted"
"894",28.9,-9.08954477238619,"not promoted"
"895",51.15,-5.42771385692846,"not promoted"
"896",49.89,-2.17608804402201,"not promoted"
"897",28.69,-8.20910455227614,"not promoted"
"898",53.82,-1.65582791395698,"not promoted"
"899",20.27,4.15707853926963,"not promoted"
"900",57.42,8.95947973986993,"promoted"
"901",38.36,-2.27613806903452,"not promoted"
"902",24.53,-6.53826913456728,"not promoted"
"903",46.05,0.905452726363182,"promoted"
"904",44.45,1.55577788894447,"promoted"
"905",56.91,7.05852926463232,"promoted"
"906",44.54,6.62831415707854,"not promoted"
"907",25.12,4.80740370185092,"not promoted"
"908",36.8,-5.40770385192596,"not promoted"
"909",19.97,4.74737368684342,"not promoted"
"910",54.83,-9.79989994997499,"not promoted"
"911",43.38,-9.91995997999,"not promoted"
"912",56.03,-7.07853926963482,"not promoted"
"913",45.52,-4.89744872436218,"not promoted"
"914",26.13,1.05552776388194,"promoted"
"915",18.92,9.32966483241621,"not promoted"
"916",44.05,5.41770885442721,"not promoted"
"917",48.09,9.34967483741871,"not promoted"
"918",45.96,8.60930465232616,"not promoted"
"919",57.67,6.41820910455228,"promoted"
"920",33.3,0.805402701350674,"promoted"
"921",32.25,-5.66783391695848,"not promoted"
"922",21.42,1.33566783391696,"promoted"
"923",26.09,-3.15657828914457,"not promoted"
"924",44.77,0.855427713856928,"promoted"
"925",20,-5.48774387193597,"not promoted"
"926",53.78,-0.465232616308155,"not promoted"
"927",47.23,9.11955977988994,"not promoted"
"928",32.88,-3.24662331165583,"not promoted"
"929",32.54,-9.50975487743872,"not promoted"
"930",28.78,7.16858429214607,"not promoted"
"931",58.61,-3.78689344672336,"not promoted"
"932",49.75,2.51625812906453,"promoted"
"933",54.45,-6.33816908454227,"not promoted"
"934",41.17,-7.32866433216608,"not promoted"
"935",39.22,0.925462731365682,"promoted"
"936",47.27,-4.21710855427714,"not promoted"
"937",30.38,-1.17558779389695,"not promoted"
"938",30.23,1.39569784892446,"promoted"
"939",54.54,-4.49724862431216,"not promoted"
"940",18.61,5.37768884442221,"not promoted"
"941",47.86,4.4272136068034,"promoted"
"942",40.27,-2.08604302151076,"not promoted"
"943",51.26,9.40970485242621,"not promoted"
"944",18.65,2.7463731865933,"not promoted"
"945",42.23,-8.89944972486243,"not promoted"
"946",31.4,5.11755877938969,"not promoted"
"947",54.73,3.08654327163582,"promoted"
"948",40.54,5.2776388194097,"not promoted"
"949",37.88,-1.02551275637819,"not promoted"
"950",31.47,-4.95747873936968,"not promoted"
"951",35.54,3.38669334667334,"not promoted"
"952",18.99,-6.40820410205102,"not promoted"
"953",35.06,-9.51975987993997,"not promoted"
"954",58.74,7.22861430715358,"promoted"
"955",36.05,-4.04702351175588,"not promoted"
"956",56.66,-2.77638819409705,"not promoted"
"957",35.5,7.63881940970485,"not promoted"
"958",28.88,0.605302651325662,"promoted"
"959",32.33,0.765382691345673,"promoted"
"960",51.7,3.52676338169085,"promoted"
"961",38.76,1.61580790395197,"promoted"
"962",21.51,-1.66583291645823,"not promoted"
"963",44.33,-5.56778389194597,"not promoted"
"964",39.93,1.10555277638819,"promoted"
"965",53.76,-2.10605302651326,"not promoted"
"966",35.17,-8.62931465732866,"not promoted"
"967",43.84,6.44822411205603,"not promoted"
"968",37.06,5.65782891445723,"not promoted"
"969",18.86,-0.315157578789394,"not promoted"
"970",49.07,-1.27563781890946,"not promoted"
"971",31.59,-4.48724362181091,"not promoted"
"972",29.16,6.39819909954977,"not promoted"
"973",38.09,4.53726863431716,"not promoted"
"974",34.96,-5.52776388194097,"not promoted"
"975",39.62,0.74537268634317,"promoted"
"976",38.88,7.75887943971986,"not promoted"
"977",54.52,-7.5287643821911,"not promoted"
"978",49.39,7.11855927963982,"promoted"
"979",45.02,5.61780890445223,"not promoted"
"980",19.05,1.74587293646823,"not promoted"
"981",27.06,-5.967983991996,"not promoted"
"982",36.34,-9.62981490745373,"not promoted"
"983",56.3,-0.785392696348174,"not promoted"
"984",50.5,-4.25712856428214,"not promoted"
"985",26.43,5.86793396698349,"not promoted"
"986",28.15,9.52976488244122,"not promoted"
"987",41.59,5.99799899949975,"not promoted"
"988",44.37,8.4392196098049,"not promoted"
"989",30.69,3.93696848424212,"not promoted"
"990",48.61,9.2896448224112,"not promoted"
"991",25.31,1.71585792896448,"promoted"
"992",44.75,-8.51925962981491,"not promoted"
"993",31.19,4.11705852926463,"not promoted"
"994",26.85,0.655327663831915,"promoted"
"995",55.25,-1.98599299649825,"not promoted"
"996",30.67,5.05752876438219,"not promoted"
"997",21.72,8.17908954477238,"not promoted"
"998",34.83,3.92696348174087,"not promoted"
"999",46.34,6.09804902451226,"promoted"
"1000",40.92,6.28814407203602,"not promoted"
"1001",42.96,-7.46873436718359,"not promoted"
"1002",35.08,8.20910455227614,"not promoted"
"1003",30.44,3.18659329664832,"not promoted"
"1004",34.09,-8.06903451725863,"not promoted"
"1005",19.58,-8.4792396198099,"not promoted"
"1006",53.99,7.29864932466233,"promoted"
"1007",20.69,8.58929464732366,"not promoted"
"1008",43.11,3.13656828414207,"promoted"
"1009",41.36,9.74987493746873,"not promoted"
"1010",26.05,1.98599299649825,"promoted"
"1011",20.79,-7.6288144072036,"not promoted"
"1012",30.5,-3.92696348174087,"not promoted"
"1013",48.44,-0.615307653826914,"not promoted"
"1014",33.93,0.545272636318158,"promoted"
"1015",21.17,-1.61580790395198,"not promoted"
"1016",22.85,5.967983991996,"not promoted"
"1017",19.51,8.65932966483242,"not promoted"
"1018",24.7,6.32816408204102,"not promoted"
"1019",33.11,-8.05902951475738,"not promoted"
"1020",25.98,2.85642821410705,"not promoted"
"1021",25.9,6.36818409204602,"not promoted"
"1022",43.34,-9.49974987493747,"not promoted"
"1023",32.96,5.2376188094047,"not promoted"
"1024",24.79,-9.03951975987994,"not promoted"
"1025",22.87,9.1895947973987,"not promoted"
"1026",38.04,2.89644822411206,"promoted"
"1027",22.75,7.91895947973987,"not promoted"
"1028",35.23,-2.37618809404702,"not promoted"
"1029",44.1,-9.48974487243622,"not promoted"
"1030",56.74,-7.59879939969985,"not promoted"
"1031",41.38,8.50925462731366,"not promoted"
"1032",39.77,2.28614307153577,"promoted"
"1033",54.94,1.56578289144572,"promoted"
"1034",58.95,-5.87793896948474,"not promoted"
"1035",59.43,2.22611305652826,"promoted"
"1036",58.59,-4.09704852426213,"not promoted"
"1037",54.43,-7.33866933466733,"not promoted"
"1038",30.14,7.65882941470735,"not promoted"
"1039",35.56,-0.0250125062531268,"not promoted"
"1040",50.73,-5.34767383691846,"not promoted"
"1041",38.63,-4.83741870935468,"not promoted"
"1042",46.47,-4.33716858429215,"not promoted"
"1043",47.14,3.71685842921461,"promoted"
"1044",23.36,-5.1775887943972,"not promoted"
"1045",23.27,1.30565282641321,"promoted"
"1046",42.9,-6.90845422711356,"not promoted"
"1047",54.39,6.37818909454727,"promoted"
"1048",57.35,-4.55727863931966,"not promoted"
"1049",46.93,3.26663331665833,"promoted"
"1050",43.49,-2.13606803401701,"not promoted"
"1051",19.72,4.4872436218109,"not promoted"
"1052",39.3,-3.31665832916458,"not promoted"
"1053",25.58,-5.47773886943472,"not promoted"
"1054",58.91,-6.99849924962481,"not promoted"
"1055",53.84,9.72986493246623,"not promoted"
"1056",36.87,8.98949474737369,"not promoted"
"1057",54.75,2.14607303651826,"promoted"
"1058",54.92,-8.12906453226613,"not promoted"
"1059",20.16,1.90595297648824,"not promoted"
"1060",41.64,-5.28764382191096,"not promoted"
"1061",20.4,-5.55777888944472,"not promoted"
"1062",55.23,1.72586293146573,"promoted"
"1063",20.06,-1.1855927963982,"not promoted"
"1064",28.93,-0.425212606303152,"not promoted"
"1065",18.67,-4.4072036018009,"not promoted"
"1066",37.75,4.3271635817909,"not promoted"
"1067",25.06,-3.71685842921461,"not promoted"
"1068",48.32,-9.89994997498749,"not promoted"
"1069",26.97,8.31915957978989,"not promoted"
"1070",28.59,1.62581290645323,"promoted"
"1071",45.57,10,"not promoted"
"1072",45.12,0.705352676338169,"promoted"
"1073",49.16,2.8064032016008,"promoted"
"1074",55.5,2.08604302151075,"promoted"
"1075",19.66,8.27913956978489,"not promoted"
"1076",35.88,2.36618309154577,"promoted"
"1077",28.53,8.84942471235618,"not promoted"
"1078",51.85,-7.67883941970985,"not promoted"
"1079",26.64,-4.69734867433717,"not promoted"
"1080",23.06,5.02751375687844,"not promoted"
"1081",47.33,-4.74737368684342,"not promoted"
"1082",30.46,7.96898449224612,"not promoted"
"1083",28.13,6.61830915457729,"not promoted"
"1084",27.9,8.62931465732866,"not promoted"
"1085",46.89,4.30715357678839,"promoted"
"1086",54.33,-2.99649824912456,"not promoted"
"1087",25.92,-4.80740370185093,"not promoted"
"1088",52.42,-7.69884942471236,"not promoted"
"1089",26.68,-7.27863931965983,"not promoted"
"1090",19.62,5.90795397698849,"not promoted"
"1091",42.79,8.78939469734867,"not promoted"
"1092",23.29,-5.82791395697849,"not promoted"
"1093",24.89,4.21710855427714,"not promoted"
"1094",26.45,5.09754877438719,"not promoted"
"1095",47.41,-9.2896448224112,"not promoted"
"1096",57.88,7.41870935467734,"promoted"
"1097",50.57,1.1455727863932,"promoted"
"1098",29.41,8.63931965982992,"not promoted"
"1099",51.78,-8.4392196098049,"not promoted"
"1100",25.44,3.27663831915958,"not promoted"
"1101",58.76,5.72786393196598,"promoted"
"1102",50.42,0.845422711355678,"promoted"
"1103",29.53,8.25912956478239,"not promoted"
"1104",56.58,-2.15607803901951,"not promoted"
"1105",19.6,9.60980490245122,"not promoted"
"1106",50.63,-9.35967983991996,"not promoted"
"1107",32.81,-9.84992496248124,"not promoted"
"1108",56.49,7.93896948474237,"promoted"
"1109",32.98,0.815407703851927,"promoted"
"1110",38.72,6.49824912456228,"not promoted"
"1111",47.62,0.0950475237618811,"promoted"
"1112",40.78,2.53626813406703,"promoted"
"1113",40.33,-4.57728864432216,"not promoted"
"1114",48.51,-0.525262631315659,"not promoted"
"1115",44.64,4.79739869934967,"promoted"
"1116",46.22,8.07903951975988,"not promoted"
"1117",54.47,-6.30815407703852,"not promoted"
"1118",53.86,-7.97898949474737,"not promoted"
"1119",39.54,-5.29764882441221,"not promoted"
"1120",24.09,-7.30865432716358,"not promoted"
"1121",31.09,-7.05852926463232,"not promoted"
"1122",32.39,4.29714857428714,"not promoted"
"1123",32.94,2.06603301650825,"promoted"
"1124",41.01,-7.95897948974487,"not promoted"
"1125",23.61,-4.3671835917959,"not promoted"
"1126",59.85,6.65832916458229,"promoted"
"1127",22.1,-8.86943471735868,"not promoted"
"1128",40.44,-2.51625812906453,"not promoted"
"1129",21.15,-3.39669834917459,"not promoted"
"1130",37.46,-4.30715357678839,"not promoted"
"1131",59.68,-9.66983491745873,"not promoted"
"1132",18.78,2.44622311155578,"not promoted"
"1133",46.28,-3.20660330165083,"not promoted"
"1134",20.35,8.30915457728864,"not promoted"
"1135",52.63,-5.02751375687844,"not promoted"
"1136",58.09,-9.57978989494747,"not promoted"
"1137",46.55,-5.2576288144072,"not promoted"
"1138",51.09,-1.31565782891446,"not promoted"
"1139",42.41,2.59629814907454,"promoted"
"1140",24.49,-1.60580290145073,"not promoted"
"1141",52.81,-7.85892946473237,"not promoted"
"1142",38.53,5.93796898449225,"not promoted"
"1143",55.73,-3.74687343671836,"not promoted"
"1144",59.03,-3.22661330665333,"not promoted"
"1145",25.35,5.83791895947974,"not promoted"
"1146",40,0.985492746373186,"promoted"
"1147",59.52,4.67733866933467,"promoted"
"1148",35.73,-1.2256128064032,"not promoted"
"1149",58.3,5.54777388694347,"promoted"
"1150",42.92,1.60580290145072,"promoted"
"1151",53.07,-1.75587793896949,"not promoted"
"1152",42.18,5.20760380190095,"promoted"
"1153",55.61,8.11905952976488,"promoted"
"1154",24.37,-9.39969984992496,"not promoted"
"1155",57.23,-1.13556778389195,"not promoted"
"1156",24.64,-3.17658829414707,"not promoted"
"1157",36.3,-6.7383691845923,"not promoted"
"1158",46.97,5.10755377688844,"promoted"
"1159",55.46,-3.95697848924462,"not promoted"
"1160",43.88,1.89594797398699,"promoted"
"1161",57.63,-6.58829414707354,"not promoted"
"1162",26.07,8.87943971985993,"not promoted"
"1163",54.5,2.50625312656328,"promoted"
"1164",38.59,-9.44972486243122,"not promoted"
"1165",59.89,-3.37668834417209,"not promoted"
"1166",56.32,-8.81940970485243,"not promoted"
"1167",51.91,3.25662831415708,"promoted"
"1168",59.12,1.11555777888944,"promoted"
"1169",19.81,-9.96998499249625,"not promoted"
"1170",53.91,-4.53726863431716,"not promoted"
"1171",59.47,5.76788394197098,"promoted"
"1172",20.5,0.995497748874437,"promoted"
"1173",44.94,-1.81590795397699,"not promoted"
"1174",29.91,1.88594297148574,"promoted"
"1175",52.92,-0.945472736368185,"not promoted"
"1176",29.14,0.575287643821911,"promoted"
"1177",59.54,-2.36618309154577,"not promoted"
"1178",49.26,4.60730365182591,"promoted"
"1179",48.68,1.41570785392696,"promoted"
"1180",50.1,3.20660330165082,"promoted"
"1181",40.94,-8.74937468734367,"not promoted"
"1182",34.7,2.71635817908954,"promoted"
"1183",58.82,9.82991495747874,"promoted"
"1184",29.24,6.63831915957979,"not promoted"
"1185",28.67,-3.60680340170085,"not promoted"
"1186",18.44,-6.09804902451226,"not promoted"
"1187",57.25,-3.07653826913457,"not promoted"
"1188",19.74,9.86993496748374,"not promoted"
"1189",32.9,-8.71935967983992,"not promoted"
"1190",47.94,-2.64632316158079,"not promoted"
"1191",48.47,-4.60730365182591,"not promoted"
"1192",27.54,2.72636318159079,"not promoted"
"1193",37.56,-8.91945972986493,"not promoted"
"1194",36.51,-7.82891445722861,"not promoted"
"1195",36.01,-6.7983991995998,"not promoted"
"1196",24.18,0.775387693846923,"promoted"
"1197",19.95,2.27613806903452,"not promoted"
"1198",33.99,0.175087543771886,"promoted"
"1199",37.81,-8.36918459229615,"not promoted"
"1200",34.24,4.4672336168084,"not promoted"
"1201",19.49,-0.0450225112556275,"not promoted"
"1202",46.13,2.64632316158079,"promoted"
"1203",18.32,4.63731865932967,"not promoted"
"1204",48.21,-6.51825912956478,"not promoted"
"1205",31.89,-5.2176088044022,"not promoted"
"1206",51.05,8.22911455727864,"not promoted"
"1207",26.32,1.935967983992,"not promoted"
"1208",39.33,-7.10855427713857,"not promoted"
"1209",33.42,-4.4472236118059,"not promoted"
"1210",31.76,0.355177588794398,"promoted"
"1211",43.28,-7.14857428714357,"not promoted"
"1212",55.19,-6.27813906953477,"not promoted"
"1213",38.23,7.84892446223111,"not promoted"
"1214",50.08,4.3671835917959,"promoted"
"1215",36.32,-4.31715857928964,"not promoted"
"1216",35.46,-0.915457728864432,"not promoted"
"1217",37.58,3.72686343171586,"not promoted"
"1218",39.14,0.0450225112556275,"promoted"
"1219",49.68,-3.75687843921961,"not promoted"
"1220",20.44,0.695347673836919,"promoted"
"1221",33.86,-2.7263631815908,"not promoted"
"1222",52.12,4.13706853426713,"promoted"
"1223",59.87,-7.20860430215108,"not promoted"
"1224",58.05,-1.89594797398699,"not promoted"
"1225",23.08,6.60830415207604,"not promoted"
"1226",35.67,5.2976488244122,"not promoted"
"1227",51.32,2.95647823911956,"promoted"
"1228",47.65,-6.92846423211606,"not promoted"
"1229",49.58,7.53876938469234,"promoted"
"1230",31.97,5.50775387693847,"not promoted"
"1231",27.81,-0.665332666333168,"not promoted"
"1232",55.44,-4.50725362681341,"not promoted"
"1233",43.63,-1.12556278139069,"not promoted"
"1234",23.15,-4.20710355177589,"not promoted"
"1235",21.76,2.91645822911456,"not promoted"
"1236",22.6,-3.40670335167584,"not promoted"
"1237",35.33,-4.94747373686843,"not promoted"
"1238",47.69,-3.72686343171586,"not promoted"
"1239",19.55,-1.71585792896448,"not promoted"
"1240",20.29,6.12806403201601,"not promoted"
"1241",29.3,-1.94597298649325,"not promoted"
"1242",23.59,7.04852426213106,"not promoted"
"1243",34.39,6.72836418209105,"not promoted"
"1244",20.48,8.42921460730365,"not promoted"
"1245",44.98,7.03851925962982,"not promoted"
"1246",38.34,-7.63881940970485,"not promoted"
"1247",48.7,5.60780390195097,"promoted"
"1248",19.32,-1.43571785892946,"not promoted"
"1249",46.87,1.67583791895948,"promoted"
"1250",18.4,-5.04752376188094,"not promoted"
"1251",18.42,-4.11705852926463,"not promoted"
"1252",21.91,-0.0850425212606307,"not promoted"
"1253",40.73,3.77688844422211,"promoted"
"1254",28.63,-6.8184092046023,"not promoted"
"1255",18.59,-0.975487743871936,"not promoted"
"1256",54.85,0.535267633816908,"promoted"
"1257",56.6,-3.85692846423212,"not promoted"
"1258",24.62,0.395197598799399,"promoted"
"1259",44.03,-6.49824912456228,"not promoted"
"1260",47.77,1.75587793896949,"promoted"
"1261",45.36,0.595297648824411,"promoted"
"1262",57.18,-3.70685342671336,"not promoted"
"1263",52.54,8.54927463731866,"not promoted"
"1264",41.91,7.36868434217109,"not promoted"
"1265",27.08,1.76588294147074,"promoted"
"1266",37.9,3.96698349174587,"not promoted"
"1267",31.61,3.85692846423212,"not promoted"
"1268",34.79,-2.14607303651826,"not promoted"
"1269",47.06,-3.44672336168084,"not promoted"
"1270",38.86,-9.2496248124062,"not promoted"
"1271",35.75,-8.56928464232116,"not promoted"
"1272",56.89,3.74687343671836,"promoted"
"1273",21.32,-0.535267633816909,"not promoted"
"1274",31.43,2.46623311655828,"promoted"
"1275",56.05,9.89994997498749,"not promoted"
"1276",47.35,8.4192096048024,"not promoted"
"1277",39.72,4.16708354177089,"not promoted"
"1278",54.41,-1.78589294647324,"not promoted"
"1279",49.96,-4.12706353176588,"not promoted"
"1280",27.6,3.36668334167084,"not promoted"
"1281",40.19,-3.97698849424712,"not promoted"
"1282",33.04,3.47673836918459,"not promoted"
"1283",30.98,8.19909954977489,"not promoted"
"1284",52.88,-1.1655827913957,"not promoted"
"1285",21.26,-0.685342671335668,"not promoted"
"1286",51.45,5.2176088044022,"promoted"
"1287",29.87,-2.0760380190095,"not promoted"
"1288",44.83,-7.5687843921961,"not promoted"
"1289",45.65,8.15907953976988,"not promoted"
"1290",58.03,-2.43621810905453,"not promoted"
"1291",29.68,5.2576288144072,"not promoted"
"1292",22.37,5.07753876938469,"not promoted"
"1293",43.97,-1.21560780390195,"not promoted"
"1294",26.59,-3.58679339669835,"not promoted"
"1295",51.24,-8.13906953476738,"not promoted"
"1296",43.7,-5.927963981991,"not promoted"
"1297",28.09,7.45872936468234,"not promoted"
"1298",25.86,-3.27663831915958,"not promoted"
"1299",53.63,-2.016008004002,"not promoted"
"1300",32.08,-4.41720860430215,"not promoted"
"1301",28.44,-5.50775387693847,"not promoted"
"1302",26.72,-8.60930465232616,"not promoted"
"1303",34.51,-8.07903951975988,"not promoted"
"1304",37.83,-6.13806903451726,"not promoted"
"1305",50.06,9.71985992996498,"not promoted"
"1306",24.6,-2.00600300150075,"not promoted"
"1307",48.07,2.13606803401701,"promoted"
"1308",54.6,6.91845922961481,"promoted"
"1309",38.25,-6.0680340170085,"not promoted"
"1310",30.8,4.75737868934467,"not promoted"
"1311",48.02,4.02701350675338,"promoted"
"1312",53.47,-8.50925462731366,"not promoted"
"1313",46.62,-7.79889944972486,"not promoted"
"1314",41.72,6.25812906453227,"not promoted"
"1315",39.09,-8.67933966983492,"not promoted"
"1316",47.2,8.80940470235117,"not promoted"
"1317",31.51,6.92846423211606,"not promoted"
"1318",44.91,-3.49674837418709,"not promoted"
"1319",34.3,-0.645322661330665,"not promoted"
"1320",22.79,-3.12656328164082,"not promoted"
"1321",57.58,-7.48874437218609,"not promoted"
"1322",22.18,7.31865932966483,"not promoted"
"1323",44.31,6.17808904452226,"not promoted"
"1324",38.11,3.12656328164082,"promoted"
"1325",33.15,9.1295647823912,"not promoted"
"1326",42.6,9.55977988994497,"not promoted"
"1327",38.02,-10,"not promoted"
"1328",21.09,3.89694847423712,"not promoted"
"1329",21.93,-9.42971485742871,"not promoted"
"1330",26.55,-0.765382691345673,"not promoted"
"1331",19.41,-9.55977988994497,"not promoted"
"1332",24.26,-0.25512756378189,"not promoted"
"1333",54.58,7.46873436718359,"promoted"
"1334",54.24,2.02601300650325,"promoted"
"1335",50.94,-6.008004002001,"not promoted"
"1336",34.03,7.59879939969985,"not promoted"
"1337",33.67,-2.45622811405703,"not promoted"
"1338",33.69,-4.28714357178589,"not promoted"
"1339",56.16,6.70835417708854,"promoted"
"1340",52.77,-1.91595797898949,"not promoted"
"1341",38.44,8.61930965482741,"not promoted"
"1342",31.8,9.43971985992997,"not promoted"
"1343",41.03,-3.83691845922962,"not promoted"
"1344",31.26,8.29914957478739,"not promoted"
"1345",48.28,3.46673336668334,"promoted"
"1346",31.64,7.49874937468734,"not promoted"
"1347",20.77,8.3591795897949,"not promoted"
"1348",54.31,1.37568784392196,"promoted"
"1349",59.98,-3.03651825912956,"not promoted"
"1350",47.48,5.927963981991,"not promoted"
"1351",26.19,2.8664332166083,"not promoted"
"1352",48.84,-4.22711355677839,"not promoted"
"1353",22.45,-6.7783891945973,"not promoted"
"1354",44.12,-2.8464232116058,"not promoted"
"1355",57.75,9.79989994997499,"promoted"
"1356",21.66,5.91795897948974,"not promoted"
"1357",23.21,-8.29914957478739,"not promoted"
"1358",35.14,-0.655327663831915,"not promoted"
"1359",26.76,0.00500250125062429,"promoted"
"1360",48.11,-5.63781890945473,"not promoted"
"1361",41.41,-0.145072536268135,"not promoted"
"1362",48.42,-1.39569784892446,"not promoted"
"1363",22.83,4.54727363681841,"not promoted"
"1364",19.28,4.85742871435718,"not promoted"
"1365",39.7,7.14857428714357,"not promoted"
"1366",30.21,-9.02951475737869,"not promoted"
"1367",25.1,-7.08854427213607,"not promoted"
"1368",39.68,-3.28664332166083,"not promoted"
"1369",22.12,-8.97948974487244,"not promoted"
"1370",40.31,-8.99949974987494,"not promoted"
"1371",31.66,-9.92996498249125,"not promoted"
"1372",46.36,-8.80940470235118,"not promoted"
"1373",23.8,-2.93646823411706,"not promoted"
"1374",46.95,-6.07803901950976,"not promoted"
"1375",27.31,8.4792396198099,"not promoted"
"1376",55.34,5.28764382191095,"promoted"
"1377",57.52,2.87643821910955,"promoted"
"1378",58.93,-6.7583791895948,"not promoted"
"1379",34.75,9.70985492746373,"not promoted"
"1380",30.25,3.73686843421711,"not promoted"
"1381",40.71,6.8184092046023,"not promoted"
"1382",38.82,2.57628814407204,"promoted"
"1383",38.93,-9.1695847923962,"not promoted"
"1384",32.16,-5.1975987993997,"not promoted"
"1385",41.45,-7.01850925462731,"not promoted"
"1386",53.7,-5.10755377688844,"not promoted"
"1387",36.2,4.39719859929965,"not promoted"
"1388",36.28,0.72536268134067,"promoted"
"1389",58.19,7.30865432716358,"promoted"
"1390",23.76,-4.4272136068034,"not promoted"
"1391",28.32,1.07553776888444,"promoted"
"1392",55.06,5.26763381690845,"promoted"
"1393",38.17,-3.50675337668834,"not promoted"
"1394",19.03,-9.37968984492246,"not promoted"
"1395",19.07,-3.5567783891946,"not promoted"
"1396",55.31,0.955477738869435,"promoted"
"1397",58.38,-1.1455727863932,"not promoted"
"1398",46.41,-5.31765882941471,"not promoted"
"1399",23.9,9.91995997998999,"not promoted"
"1400",42.56,-4.54727363681841,"not promoted"
"1401",34.77,1.57578789394697,"promoted"
"1402",48.97,7.71885942971486,"promoted"
"1403",28.27,3.81690845422711,"not promoted"
"1404",45.5,9.44972486243121,"not promoted"
"1405",38.32,-0.0550275137568779,"not promoted"
"1406",20.21,-3.00650325162581,"not promoted"
"1407",18.74,-7.6488244122061,"not promoted"
"1408",37.37,-1.46573286643322,"not promoted"
"1409",40.86,-5.41770885442721,"not promoted"
"1410",22.01,-3.93696848424212,"not promoted"
"1411",29.98,-0.365182591295648,"not promoted"
"1412",31.17,-9.13956978489245,"not promoted"
"1413",47.5,6.80840420210105,"not promoted"
"1414",56.01,9.51975987993997,"promoted"
"1415",35.96,-6.91845922961481,"not promoted"
"1416",28.61,-8.57928964482241,"not promoted"
"1417",28.84,-0.445222611305653,"not promoted"
"1418",50.29,2.67633816908454,"promoted"
"1419",27.29,2.0760380190095,"not promoted"
"1420",58.34,-8.95947973986993,"not promoted"
"1421",51.76,9.56978489244622,"not promoted"
"1422",18.53,0.425212606303152,"promoted"
"1423",23,6.43821910955478,"not promoted"
"1424",39.01,-7.76888444222111,"not promoted"
"1425",54.08,5.58779389694847,"promoted"
"1426",26.26,-2.29614807403702,"not promoted"
"1427",52.56,-7.78889444722361,"not promoted"
"1428",41.8,-7.73886943471736,"not promoted"
"1429",29.07,-0.435217608804402,"not promoted"
"1430",56.55,-7.42871435717859,"not promoted"
"1431",25.19,-5.00750375187594,"not promoted"
"1432",54.71,-9.61980990495248,"not promoted"
"1433",58.47,3.15657828914457,"promoted"
"1434",58.13,6.8584292146073,"promoted"
"1435",34.01,0.525262631315657,"promoted"
"1436",56.11,3.5367683841921,"promoted"
"1437",26.78,5.22761380690345,"not promoted"
"1438",37.18,1.27563781890945,"promoted"
"1439",55.82,6.98849424712356,"not promoted"
"1440",29.72,-3.14657328664332,"not promoted"
"1441",22.39,0.675337668834416,"promoted"
"1442",37.62,-3.87693846923462,"not promoted"
"1443",51.6,7.95897948974487,"promoted"
"1444",59.92,-0.205102551275639,"not promoted"
"1445",57.44,-9.54977488744372,"not promoted"
"1446",18.29,4.28714357178589,"not promoted"
"1447",53.23,-2.38619309654827,"not promoted"
"1448",25.63,4.77738869434717,"not promoted"
"1449",29.64,4.19709854927464,"not promoted"
"1450",42.31,1.35567783891946,"promoted"
"1451",24.56,-2.7863931965983,"not promoted"
"1452",23.17,-4.10705352676338,"not promoted"
"1453",32.31,7.5887943971986,"not promoted"
"1454",41.43,0.165082541270635,"promoted"
"1455",49.2,-1.10555277638819,"not promoted"
"1456",43.04,0.915457728864432,"promoted"
"1457",42.29,-3.82691345672836,"not promoted"
"1458",44.28,-7.35867933966983,"not promoted"
"1459",36.72,-9.29964982491246,"not promoted"
"1460",51.01,3.84692346173087,"promoted"
"1461",55.67,-5.9479739869935,"not promoted"
"1462",31.03,4.09704852426213,"not promoted"
"1463",27.48,6.47823911955978,"not promoted"
"1464",24.03,-2.62631315657829,"not promoted"
"1465",40.59,-3.77688844422211,"not promoted"
"1466",26.11,-1.35567783891946,"not promoted"
"1467",41.55,8.3991995997999,"not promoted"
"1468",43.76,-1.74587293646823,"not promoted"
"1469",33.74,8.93946973486743,"not promoted"
"1470",25.79,-6.10805402701351,"not promoted"
"1471",44.22,0.975487743871936,"promoted"
"1472",48.17,5.1575787893947,"not promoted"
"1473",22.62,-7.47873936968484,"not promoted"
"1474",45.59,-0.695347673836919,"not promoted"
"1475",24.41,7.80890445222611,"not promoted"
"1476",39.98,4.4472236118059,"not promoted"
"1477",49.01,-9.81990995497749,"not promoted"
"1478",53.02,-1.9959979989995,"not promoted"
"1479",37.2,-9.86993496748374,"not promoted"
"1480",59.56,4.96748374187094,"promoted"
"1481",18.02,-1.63581790895448,"not promoted"
"1482",38.51,-9.87993996998499,"not promoted"
"1483",55.17,-1.26563281640821,"not promoted"
"1484",59.45,4.49724862431216,"promoted"
"1485",18.34,7.38869434717359,"not promoted"
"1486",50.19,7.32866433216608,"not promoted"
"1487",44.62,-9.33966983491746,"not promoted"
"1488",47.67,-3.11655827913957,"not promoted"
"1489",48.55,-7.13856928464232,"not promoted"
"1490",41.95,2.30615307653827,"promoted"
"1491",42.71,6.73836918459229,"not promoted"
"1492",22.81,-4.43721860930465,"not promoted"
"1493",53.19,-7.5487743871936,"not promoted"
"1494",46.01,-5.37768884442221,"not promoted"
"1495",58.51,-2.18609304652326,"not promoted"
"1496",32.79,-4.45722861430715,"not promoted"
"1497",25.75,2.8464232116058,"not promoted"
"1498",33.9,-3.94697348674337,"not promoted"
"1499",49.1,-2.22611305652826,"not promoted"
"1500",50.48,-3.5967983991996,"not promoted"
"1501",52.46,-0.595297648824413,"not promoted"
"1502",31.49,7.70885442721361,"not promoted"
"1503",47.6,7.98899449724862,"not promoted"
"1504",34.14,1.02551275637819,"promoted"
"1505",53.95,4.25712856428214,"promoted"
"1506",52.79,9.85992996498249,"promoted"
"1507",44.39,6.71835917958979,"not promoted"
"1508",18.08,-1.30565282641321,"not promoted"
"1509",45.8,0.135067533766883,"promoted"
"1510",21.61,-1.29564782391196,"not promoted"
"1511",33.97,-9.82991495747874,"not promoted"
"1512",51.36,0.865432716358178,"promoted"
"1513",46.49,-3.43671835917959,"not promoted"
"1514",36.97,1.36568284142071,"promoted"
"1515",42.39,-4.56728364182091,"not promoted"
"1516",56.07,2.68634317158579,"promoted"
"1517",18.57,9.73986993496748,"not promoted"
"1518",43.51,-0.375187593796898,"not promoted"
"1519",36.09,2.39619809904952,"promoted"
"1520",43.17,-2.7663831915958,"not promoted"
"1521",40.8,-8.49924962481241,"not promoted"
"1522",45.15,-5.1375687843922,"not promoted"
"1523",50.65,-8.38919459729865,"not promoted"
"1524",53.65,-8.93946973486743,"not promoted"
"1525",59.81,-1.42571285642821,"not promoted"
"1526",42.81,-7.21860930465233,"not promoted"
"1527",34.47,5.52776388194097,"not promoted"
"1528",36.64,-5.2376188094047,"not promoted"
"1529",33.51,9.19959979989995,"not promoted"
"1530",19.91,-6.01800900450225,"not promoted"
"1531",39.26,-6.60830415207604,"not promoted"
"1532",53.34,-5.53776888444222,"not promoted"
"1533",44.7,5.95797898949475,"not promoted"
"1534",45.42,-5.32766383191596,"not promoted"
"1535",24.3,0.435217608804402,"promoted"
"1536",47.71,-0.715357678839419,"not promoted"
"1537",33.61,-0.195097548774388,"not promoted"
"1538",34.98,1.1855927963982,"promoted"
"1539",29.56,-1.03551775887944,"not promoted"
"1540",18.27,-6.94847423711856,"not promoted"
"1541",48.05,-2.57628814407204,"not promoted"
"1542",20.52,5.39769884942471,"not promoted"
"1543",25.23,-3.47673836918459,"not promoted"
"1544",26.47,-0.995497748874438,"not promoted"
"1545",50.88,6.84842421210605,"promoted"
"1546",18.15,-4.92746373186593,"not promoted"
"1547",47.25,-4.96748374187094,"not promoted"
"1548",58.99,9.27963981990995,"promoted"
"1549",56.79,2.17608804402201,"promoted"
"1550",35.31,-5.78789394697349,"not promoted"
"1551",20.31,8.73936968484242,"not promoted"
"1552",40.38,-7.04852426213107,"not promoted"
"1553",31.34,-0.0150075037518764,"not promoted"
"1554",39.03,-1.70585292646323,"not promoted"
"1555",41.13,-0.675337668834418,"not promoted"
"1556",59.18,2.12606303151576,"promoted"
"1557",55.02,-1.54577288644322,"not promoted"
"1558",35.61,1.13556778389195,"promoted"
"1559",18.9,1.19559779889945,"not promoted"
"1560",30.19,2.8864432216108,"not promoted"
"1561",50.55,-1.96598299149575,"not promoted"
"1562",40.46,-4.97748874437219,"not promoted"
"1563",36.43,-7.83891945972987,"not promoted"
"1564",26.34,0.23511755877939,"promoted"
"1565",59.37,-5.54777388694347,"not promoted"
"1566",33.27,1.78589294647324,"promoted"
"1567",29.74,-8.11905952976488,"not promoted"
"1568",49.91,1.86593296648324,"promoted"
"1569",21.49,-0.265132566283143,"not promoted"
"1570",38.15,7.15857928964482,"not promoted"
"1571",33.63,0.445222611305653,"promoted"
"1572",27.35,4.73736868434217,"not promoted"
"1573",39.6,6.38819409704852,"not promoted"
"1574",22.94,-3.5767883941971,"not promoted"
"1575",23.55,3.88694347173587,"not promoted"
"1576",46.43,-1.32566283141571,"not promoted"
"1577",27.43,-8.96948474237119,"not promoted"
"1578",21.97,4.24712356178089,"not promoted"
"1579",35.84,4.91745872936468,"not promoted"
"1580",55.69,-8.75937968984492,"not promoted"
"1581",24.91,-0.155077538769385,"not promoted"
"1582",49.77,-2.26613306653327,"not promoted"
"1583",59.31,4.83741870935468,"promoted"
"1584",50.9,0.935467733866933,"promoted"
"1585",25.54,7.76888444222111,"not promoted"
"1586",50.27,-7.15857928964482,"not promoted"
"1587",40.48,-9.01950975487744,"not promoted"
"1588",47.56,2.45622811405703,"promoted"
"1589",33.13,5.68784392196098,"not promoted"
"1590",33.76,4.35717858929465,"not promoted"
"1591",57.29,1.80590295147574,"promoted"
"1592",55.29,3.23661830915458,"promoted"
"1593",42.2,-7.12856428214107,"not promoted"
"1594",25.04,3.43671835917959,"not promoted"
"1595",24.77,-6.36818409204602,"not promoted"
"1596",45.82,-5.84792396198099,"not promoted"
"1597",25.16,1.09554777388694,"promoted"
"1598",34.66,1.34567283641821,"promoted"
"1599",40.67,1.87593796898449,"promoted"
"1600",34.07,-3.30665332666333,"not promoted"
"1601",44.85,-9.19959979989995,"not promoted"
"1602",37.77,4.81740870435218,"not promoted"
"1603",53.49,-4.76738369184592,"not promoted"
"1604",48.13,-6.08804402201101,"not promoted"
"1605",55.59,1.47573786893447,"promoted"
"1606",37.92,-6.11805902951476,"not promoted"
"1607",57.46,0.615307653826914,"promoted"
"1608",54.89,2.35617808904452,"promoted"
"1609",48.23,-8.98949474737369,"not promoted"
"1610",30.92,7.99899949974987,"not promoted"
"1611",22.9,9.66983491745873,"not promoted"
"1612",27.45,-4.01700850425213,"not promoted"
"1613",44.16,2.83641820910455,"promoted"
"1614",32.58,-5.38769384692346,"not promoted"
"1615",47.75,4.99749874937469,"promoted"
"1616",34.72,5.9879939969985,"not promoted"
"1617",55.4,9.37968984492246,"promoted"
"1618",28.55,9.00950475237619,"not promoted"
"1619",28.74,0.56528264132066,"promoted"
"1620",22.14,-6.19809904952476,"not promoted"
"1621",28.48,7.73886943471736,"not promoted"
"1622",33.48,2.33616808404202,"promoted"
"1623",43.67,3.66683341670835,"promoted"
"1624",44.56,5.81790895447724,"not promoted"
"1625",21.89,-9.11955977988995,"not promoted"
"1626",18.13,1.49574787393697,"not promoted"
"1627",45.44,4.87743871935968,"not promoted"
"1628",22.54,9.15957978989495,"not promoted"
"1629",30.84,5.78789394697349,"not promoted"
"1630",58.57,-9.10955477738869,"not promoted"
"1631",57.33,5.40770385192596,"promoted"
"1632",27.12,5.46773386693347,"not promoted"
"1633",23.67,-9.80990495247624,"not promoted"
"1634",42.04,5.56778389194597,"not promoted"
"1635",38.67,3.82691345672836,"not promoted"
"1636",57.04,4.07703851925963,"promoted"
"1637",31.45,0.635317658829415,"promoted"
"1638",45.78,-1.25562781390695,"not promoted"
"1639",46.15,1.1655827913957,"promoted"
"1640",42.73,1.48574287143572,"promoted"
"1641",18.48,-4.52726363181591,"not promoted"
"1642",35.04,6.27813906953477,"not promoted"
"1643",20.9,9.48974487243622,"not promoted"
"1644",26.91,7.69884942471236,"not promoted"
"1645",48.38,4.01700850425213,"promoted"
"1646",51.51,7.61880940470235,"promoted"
"1647",41.34,-7.53876938469235,"not promoted"
"1648",45.63,-4.72736368184092,"not promoted"
"1649",59.77,-1.09554777388694,"not promoted"
"1650",40.04,2.23611805902951,"promoted"
"1651",52.52,9.57978989494747,"promoted"
"1652",48.78,-2.21610805402701,"not promoted"
"1653",28.42,1.79589794897449,"promoted"
"1654",41.51,6.50825412706353,"not promoted"
"1655",45.29,-8.78939469734867,"not promoted"
"1656",53.61,-0.955477738869435,"not promoted"
"1657",22.56,2.54627313656828,"not promoted"
"1658",57,7.86893446723361,"promoted"
"1659",43,-5.68784392196098,"not promoted"
"1660",26.89,5.59779889944972,"not promoted"
"1661",29.89,3.75687843921961,"not promoted"
"1662",51.41,7.85892946473237,"promoted"
"1663",55.9,8.57928964482241,"promoted"
"1664",49.87,0.825412706353177,"promoted"
"1665",41.83,2.42621310655328,"promoted"
"1666",57.6,6.21810905452726,"promoted"
"1667",55.78,0.295147573786894,"promoted"
"1668",54.1,5.57778889444722,"promoted"
"1669",35.71,1.50575287643822,"promoted"
"1670",21.59,-6.32816408204102,"not promoted"
"1671",22.03,-1.08554277138569,"not promoted"
"1672",29.85,0.465232616308153,"promoted"
"1673",33.8,-4.39719859929965,"not promoted"
"1674",24.74,-1.38569284642321,"not promoted"
"1675",24.81,-8.34917458729365,"not promoted"
"1676",40.63,3.6768384192096,"promoted"
"1677",21.07,-4.29714857428714,"not promoted"
"1678",45.04,-3.6368184092046,"not promoted"
"1679",28.76,6.14807403701851,"not promoted"
"1680",25.84,-0.585292646323161,"not promoted"
"1681",57.08,-2.92646323161581,"not promoted"
"1682",54.68,-1.04552276138069,"not promoted"
"1683",38.78,-4.59729864932466,"not promoted"
"1684",49.41,3.6368184092046,"promoted"
"1685",50.84,-1.9559779889945,"not promoted"
"1686",28.36,-6.41820910455228,"not promoted"
"1687",27.01,-2.49624812406203,"not promoted"
"1688",20.33,4.04702351175588,"not promoted"
"1689",53.15,-3.64682341170585,"not promoted"
"1690",21.28,-6.74837418709355,"not promoted"
"1691",18.76,8.59929964982491,"not promoted"
"1692",23.34,-8.83941970985493,"not promoted"
"1693",36.38,-1.90595297648824,"not promoted"
"1694",51.74,1.2456228114057,"promoted"
"1695",38.28,-4.27713856928464,"not promoted"
"1696",30.29,8.70935467733867,"not promoted"
"1697",49.83,5.08754377188594,"promoted"
"1698",45.08,-3.99699849924963,"not promoted"
"1699",21.74,-8.10905452726363,"not promoted"
"1700",21.21,2.37618809404702,"not promoted"
"1701",35.4,9.75987993996998,"not promoted"
"1702",52.58,-9.59979989994997,"not promoted"
"1703",36.47,-9.47973986993497,"not promoted"
"1704",39.12,2.70635317658829,"promoted"
"1705",23.46,0.885442721360681,"promoted"
"1706",34.89,5.1775887943972,"not promoted"
"1707",26.22,-2.09604802401201,"not promoted"
"1708",45.38,-0.72536268134067,"not promoted"
"1709",18.95,-6.45822911455728,"not promoted"
"1710",43.8,9.47973986993497,"not promoted"
"1711",19.53,7.5287643821911,"not promoted"
"1712",59.39,-5.24762381190595,"not promoted"
"1713",46.91,-0.835417708854427,"not promoted"
"1714",56.97,-4.81740870435218,"not promoted"
"1715",48.63,3.16658329164582,"promoted"
"1716",24.28,9.84992496248124,"not promoted"
"1717",45.69,-7.24862431215608,"not promoted"
"1718",27.18,3.11655827913957,"not promoted"
"1719",42.27,0.415207603801901,"promoted"
"1720",26.24,-9.67983991995998,"not promoted"
"1721",27.37,-3.45672836418209,"not promoted"
"1722",20.54,-2.056028014007,"not promoted"
"1723",40.02,-6.57828914457229,"not promoted"
"1724",45.84,-1.37568784392196,"not promoted"
"1725",51.72,4.05702851425713,"promoted"
"1726",41.57,-8.55927963981991,"not promoted"
"1727",53.42,0.375187593796898,"promoted"
"1728",20.92,8.77938969484742,"not promoted"
"1729",49.85,2.056028014007,"promoted"
"1730",25.4,9.41970985492746,"not promoted"
"1731",46.76,2.92646323161581,"promoted"
"1732",51.55,2.16608304152076,"promoted"
"1733",29.7,-9.25962981490745,"not promoted"
"1734",20.37,0.0650325162581282,"promoted"
"1735",45.75,7.27863931965983,"not promoted"
"1736",33.09,-3.32666333166583,"not promoted"
"1737",39.87,9.65982991495748,"not promoted"
"1738",26.87,-2.54627313656828,"not promoted"
"1739",37.1,8.64932466233116,"not promoted"
"1740",49.64,2.61630815407704,"promoted"
"1741",45.54,-3.36668334167084,"not promoted"
"1742",59.6,8.91945972986493,"promoted"
"1743",31.78,-7.25862931465733,"not promoted"
"1744",19.43,-9.34967483741871,"not promoted"
"1745",47.73,-9.40970485242621,"not promoted"
"1746",53.97,-0.625312656328164,"not promoted"
"1747",43.61,-2.66633316658329,"not promoted"
"1748",24.22,-8.4192096048024,"not promoted"
"1749",50.97,-4.3471735867934,"not promoted"
"1750",57.96,7.57878939469735,"promoted"
"1751",53.17,3.79689844922461,"promoted"
"1752",42.37,4.86743371685843,"not promoted"
"1753",59.64,-4.37718859429715,"not promoted"
"1754",40.9,8.16908454227114,"not promoted"
"1755",58.7,-3.79689844922461,"not promoted"
"1756",56.37,-7.93896948474237,"not promoted"
"1757",32.83,9.80990495247624,"not promoted"
"1758",50.36,-8.40920460230115,"not promoted"
"1759",20.98,-2.85642821410705,"not promoted"
"1760",21.87,7.17858929464732,"not promoted"
"1761",23.71,-4.63731865932967,"not promoted"
"1762",41.87,8.00900450225112,"not promoted"
"1763",27.16,7.82891445722861,"not promoted"
"1764",42.77,-4.87743871935968,"not promoted"
"1765",43.82,-9.31965982991496,"not promoted"
"1766",43.86,-5.45772886443222,"not promoted"
"1767",35.77,5.04752376188094,"not promoted"
"1768",23.38,-3.34667333666833,"not promoted"
"1769",23.53,8.71935967983992,"not promoted"
"1770",36.49,9.17958979489745,"not promoted"
"1771",20.71,9.05952976488244,"not promoted"
"1772",21.3,0.475237618809404,"promoted"
"1773",22.08,8.51925962981491,"not promoted"
"1774",21.13,-0.23511755877939,"not promoted"
"1775",53.3,-6.8384192096048,"not promoted"
"1776",29.05,-6.23811905952977,"not promoted"
"1777",52.37,3.31665832916458,"promoted"
"1778",52.6,8.86943471735868,"promoted"
"1779",24.85,3.56678339169585,"not promoted"
"1780",52.39,-3.62681340670335,"not promoted"
"1781",53.05,8.06903451725863,"promoted"
"1782",21.11,-7.57878939469735,"not promoted"
"1783",35.94,-2.42621310655328,"not promoted"
"1784",51.66,-6.12806403201601,"not promoted"
"1785",44.58,5.47773886943472,"not promoted"
"1786",51.57,-5.30765382691346,"not promoted"
"1787",51.83,9.68984492246123,"promoted"
"1788",55.38,-3.5367683841921,"not promoted"
"1789",39.41,5.30765382691346,"not promoted"
"1790",55.27,-6.28814407203602,"not promoted"
"1791",39.43,-6.65832916458229,"not promoted"
"1792",42.44,-1.83591795897949,"not promoted"
"1793",52.44,-9.2096048024012,"not promoted"
"1794",44.24,6.13806903451726,"not promoted"
"1795",53.53,5.24762381190595,"promoted"
"1796",43.13,-4.19709854927464,"not promoted"
"1797",52.25,-8.70935467733867,"not promoted"
"1798",23.57,-3.80690345172586,"not promoted"
"1799",40.42,-9.98999499749875,"not promoted"
"1800",50.52,1.82591295647824,"promoted"
"1801",49.79,-6.15807903951976,"not promoted"
"1802",57.16,-4.08704352176088,"not promoted"
"1803",21,0.895447723861931,"promoted"
"1804",56.72,-8.3591795897949,"not promoted"
"1805",54.29,-0.135067533766884,"not promoted"
"1806",47.92,1.46573286643322,"promoted"
"1807",50.4,-7.89894947473737,"not promoted"
"1808",53.21,-8.23911955977989,"not promoted"
"1809",57.71,-8.82941470735368,"not promoted"
"1810",47.04,-2.61630815407704,"not promoted"
"1811",57.81,-1.34567283641821,"not promoted"
"1812",40.1,-2.94647323661831,"not promoted"
"1813",51.22,-2.30615307653827,"not promoted"
"1814",30.82,-7.72886443221611,"not promoted"
"1815",38.46,-0.285142571285643,"not promoted"
"1816",39.79,7.6488244122061,"not promoted"
"1817",56.62,-9.77988994497249,"not promoted"
"1818",32.52,7.21860930465233,"not promoted"
"1819",28.4,-5.77788894447224,"not promoted"
"1820",57.06,-6.46823411705853,"not promoted"
"1821",43.3,-5.9879939969985,"not promoted"
"1822",49.49,-4.88744372186093,"not promoted"
"1823",39.56,-8.03901950975488,"not promoted"
"1824",57.5,-6.64832416208104,"not promoted"
"1825",58.24,-0.125062531265634,"not promoted"
"1826",48.74,-0.0950475237618811,"not promoted"
"1827",51.81,-0.0750375187593804,"not promoted"
"1828",50.92,-0.455227613806903,"not promoted"
"1829",31.85,3.04652326163082,"not promoted"
"1830",43.55,-8.30915457728864,"not promoted"
"1831",54.05,-6.17808904452226,"not promoted"
"1832",39.91,-1.62581290645323,"not promoted"
"1833",32.12,9.49974987493747,"not promoted"
"1834",40.23,-2.12606303151576,"not promoted"
"1835",26.4,-7.51875937968985,"not promoted"
"1836",35.98,-2.23611805902951,"not promoted"
"1837",25.5,3.51675837918959,"not promoted"
"1838",23.69,-9.78989494747374,"not promoted"
"1839",56.2,4.03701850925463,"promoted"
"1840",39.39,3.60680340170085,"promoted"
"1841",32.5,-8.69934967483742,"not promoted"
"1842",48.89,9.46973486743371,"not promoted"
"1843",33.72,-1.48574287143572,"not promoted"
"1844",32.1,-1.33566783391696,"not promoted"
"1845",43.21,-0.505252626313156,"not promoted"
"1846",23.02,-7.43871935967984,"not promoted"
"1847",34.68,-0.225112556278139,"not promoted"
"1848",18.97,5.00750375187594,"not promoted"
"1849",23.74,4.90745372686343,"not promoted"
"1850",44.52,-8.92946473236618,"not promoted"
"1851",44.66,-1.49574787393697,"not promoted"
"1852",54.2,2.25612806403202,"promoted"
"1853",22.43,2.63631815907954,"not promoted"
"1854",32.35,4.3471735867934,"not promoted"
"1855",52.69,8.4592296148074,"promoted"
"1856",19.45,2.24612306153077,"not promoted"
"1857",48.59,-9.60980490245123,"not promoted"
"1858",24.32,2.8264132066033,"not promoted"
"1859",59.96,2.99649824912456,"promoted"
"1860",20.19,9.50975487743872,"not promoted"
"1861",25.46,-0.845422711355678,"not promoted"
"1862",59.35,5.77788894447224,"promoted"
"1863",45.17,-4.77738869434717,"not promoted"
"1864",49.73,-1.975987993997,"not promoted"
"1865",28.82,8.79939969984992,"not promoted"
"1866",31.87,-7.6088044022011,"not promoted"
"1867",21.05,-4.17708854427214,"not promoted"
"1868",37.04,9.21960980490245,"not promoted"
"1869",29.66,6.89844922461231,"not promoted"
"1870",50.99,7.28864432216108,"promoted"
"1871",30.06,0.485242621310656,"promoted"
"1872",58.97,-0.395197598799401,"not promoted"
"1873",58.26,-4.07703851925963,"not promoted"
"1874",39.66,0.275137568784391,"promoted"
"1875",46.26,0.405202601300649,"promoted"
"1876",29.28,1.94597298649325,"promoted"
"1877",20.25,-2.53626813406703,"not promoted"
"1878",56.13,-6.05802901450725,"not promoted"
"1879",33.36,-9.00950475237619,"not promoted"
"1880",24.07,-9.56978489244622,"not promoted"
"1881",54.26,-9.69984992496248,"not promoted"
"1882",42.52,0.785392696348174,"promoted"
"1883",18.04,-0.185092546273136,"not promoted"
"1884",31.72,6.94847423711856,"not promoted"
"1885",54.12,-8.00900450225113,"not promoted"
"1886",45.1,3.68684342171085,"promoted"
"1887",27.33,-9.27963981990995,"not promoted"
"1888",36.45,7.23861930965483,"not promoted"
"1889",45,-3.08654327163582,"not promoted"
"1890",19.85,-6.66833416708354,"not promoted"
"1891",49.24,-8.58929464732366,"not promoted"
"1892",51.03,-2.19609804902451,"not promoted"
"1893",32.37,8.74937468734367,"not promoted"
"1894",34.43,7.24862431215608,"not promoted"
"1895",19.76,9.90995497748874,"not promoted"
"1896",36.11,3.91695847923962,"not promoted"
"1897",29.83,8.83941970985493,"not promoted"
"1898",24.95,-0.795397698849426,"not promoted"
"1899",19.87,2.52626313156578,"not promoted"
"1900",41.78,-5.33766883441721,"not promoted"
"1901",55.52,3.06653326663332,"promoted"
"1902",49.98,-7.31865932966483,"not promoted"
"1903",36.03,-6.97848924462231,"not promoted"
"1904",43.19,7.47873936968484,"not promoted"
"1905",33.06,-8.66933466733367,"not promoted"
"1906",57.39,9.45972986493247,"promoted"
"1907",46.18,9.59979989994997,"not promoted"
"1908",22.58,-1.57578789394697,"not promoted"
"1909",33.17,-2.8264132066033,"not promoted"
"1910",27.2,3.64682341170585,"not promoted"
"1911",48.8,6.35817908954477,"promoted"
"1912",22.98,-7.90895447723862,"not promoted"
"1913",50.34,-2.79639819909955,"not promoted"
"1914",46.45,-4.58729364682341,"not promoted"
"1915",26.93,1.77588794397199,"not promoted"
"1916",30.56,-5.64782391195598,"not promoted"
"1917",54.16,-3.54677338669335,"not promoted"
"1918",43.4,-6.35817908954477,"not promoted"
"1919",18,6.56828414207104,"not promoted"
"1920",25.88,1.975987993997,"not promoted"
"1921",31.01,-7.68884442221111,"not promoted"
"1922",32.18,3.01650825412706,"not promoted"
"1923",31.91,7.34867433716859,"not promoted"
"1924",55.1,8.53926963481741,"promoted"
"1925",56.76,-5.90795397698849,"not promoted"
"1926",18.36,-4.64732366183092,"not promoted"
"1927",48.26,-0.87543771885943,"not promoted"
"1928",23.11,0.385192596298149,"promoted"
"1929",57.73,2.56628314157079,"promoted"
"1930",25.61,8.03901950975488,"not promoted"
"1931",32.48,2.55627813906954,"promoted"
"1932",32.71,8.81940970485243,"not promoted"
"1933",33.44,4.88744372186093,"not promoted"
"1934",55.65,2.90645322661331,"promoted"
"1935",18.17,-6.93846923461731,"not promoted"
"1936",58.55,2.41620810405202,"promoted"
"1937",39.83,-2.89644822411206,"not promoted"
"1938",26.61,-1.58579289644822,"not promoted"
"1939",18.23,9.25962981490745,"not promoted"
"1940",53.44,7.78889444722361,"promoted"
"1941",39.47,3.33666833416708,"promoted"
"1942",24.05,6.20810405202601,"not promoted"
"1943",36.62,6.34817408704352,"not promoted"
"1944",50.13,1.63581790895448,"promoted"
"1945",40.88,8.56928464232116,"not promoted"
"1946",22.41,2.97648824412206,"not promoted"
"1947",56.45,-0.175087543771886,"not promoted"
"1948",27.24,9.03951975987994,"not promoted"
"1949",23.44,5.01750875437719,"not promoted"
"1950",39.45,2.15607803901951,"promoted"
"1951",26.57,-5.58779389694847,"not promoted"
"1952",26.53,3.21660830415207,"not promoted"
"1953",29.6,2.40620310155077,"not promoted"
"1954",53.4,8.21910955477739,"promoted"
"1955",45.86,-8.65932966483242,"not promoted"
"1956",40.08,6.95847923961981,"not promoted"
"1957",18.63,6.99849924962481,"not promoted"
"1958",32.22,5.34767383691846,"not promoted"
"1959",52.48,-1.36568284142071,"not promoted"
"1960",31.24,6.88844422211105,"not promoted"
"1961",20.1,-9.72986493246623,"not promoted"
"1962",27.77,-8.87943971985993,"not promoted"
"1963",24.01,3.35667833916958,"not promoted"
"1964",42.12,-7.98899449724862,"not promoted"
"1965",46.11,-6.03801900950475,"not promoted"
"1966",35.21,-4.03701850925463,"not promoted"
"1967",33.59,-8.02901450725363,"not promoted"
"1968",19.16,-2.24612306153077,"not promoted"
"1969",49.43,9.83991995997999,"not promoted"
"1970",53.55,2.10605302651326,"promoted"
"1971",47.81,-2.75637818909455,"not promoted"
"1972",59.75,9.62981490745373,"promoted"
"1973",30.4,-8.73936968484242,"not promoted"
"1974",19.68,2.75637818909455,"not promoted"
"1975",45.71,2.65632816408204,"promoted"
"1976",40.4,-8.59929964982491,"not promoted"
"1977",44.87,5.88794397198599,"not promoted"
"1978",55.15,5.35767883941971,"promoted"
"1979",26.7,2.20610305152576,"not promoted"
"1980",19.93,-1.53576788394197,"not promoted"
"1981",59.22,-0.905452726363182,"not promoted"
"1982",24.58,2.21610805402701,"not promoted"
"1983",39.64,8.02901450725363,"not promoted"
"1984",52.96,9.2496248124062,"promoted"
"1985",35.35,9.2696348174087,"not promoted"
"1986",33.4,8.34917458729365,"not promoted"
"1987",41.2,8.69934967483742,"not promoted"
"1988",55.04,5.70785392696348,"promoted"
"1989",46.09,0.835417708854427,"promoted"
"1990",50.67,-5.57778889444722,"not promoted"
"1991",23.97,-1.05552776388194,"not promoted"
"1992",46.81,7.08854427213607,"promoted"
"1993",30.42,4.00700350175087,"not promoted"
"1994",52.73,7.00850425212606,"promoted"
"1995",38.97,-2.32616308154077,"not promoted"
"1996",27.85,4.61730865432716,"not promoted"
"1997",36.68,-6.54827413706853,"not promoted"
"1998",37.41,5.14757378689345,"not promoted"
"1999",37.79,9.08954477238619,"not promoted"
"2000",25.52,7.19859929964982,"not promoted"
